id,name,quantity,type_id,waiting_period_id
0,0,0,10,1
3254,AE2,0,40,1
3255,AE3,0,40,1
3256,AE4,0,40,1
3257,AE5,0,40,1
3258,AE6,0,40,1
3259,AE7,0,40,1
3260,AE8,0,40,1
3261,AP63,0,40,1
3262,AP71,0,40,1
3263,AP80,0,40,1
3264,AP90,0,40,1
3265,AP100,0,40,1
3266,AP112,0,40,1
3267,AP132,0,40,1
3268,AP160,0,40,1
3269,AP180,0,40,1
3270,AP200,0,40,1
3271,AP225,0,40,1
3272,AP250,0,40,1
3273,AP280,0,40,1
3274,AS40,0,40,1
3275,AS55,0,40,1
3276,AS60,0,40,1
3277,AS70,0,40,1
3278,AS80,0,40,1
3279,AS90,0,40,1
3280,AS100,0,40,1
3281,AS125,0,40,1
3282,AS140,0,40,1
3283,AS160,0,40,1
3284,AS180,0,40,1
3285,AS190,0,40,1
3286,AS240,0,40,1
3287,AS260,0,40,1
3288,AS315,0,40,1
3289,AS450,0,40,1
3290,SD3_Z_FR10,0,20,1
3291,SD4_Z_FR10,0,20,1
3292,SD5_Z_FR10,0,20,1
3293,SD6_Z_FR10,0,20,1
3294,SD7_Z_FR10,0,20,1
3295,SD8_Z_FR10,0,20,1
3296,SD9_Z_FR10,0,20,1
3297,SD10_Z_FR10,0,20,1
3298,SD12_Z_FR10,0,20,1
3299,SD15_Z_FR10,0,20,1
3300,SD16_Z_FR10,0,20,1
3301,SD18_Z_FR20,0,20,1
3302,VT3_Z_FR20,0,30,1
3303,VT4_Z_FR20,0,30,1
3304,VT5_Z_FR20,0,30,1
3305,VT6_Z_FR20,0,30,1
3306,VT7_Z_FR20,0,30,1
3307,VT8_Z_FR20,0,30,1
3308,VT9_Z_FR20,0,30,1
3309,VT10_Z_FR20,0,30,1
3310,VT12_Z_FR20,0,30,1
3311,VT13_Z_FR20,0,30,1
3312,VT14_Z_FR20,0,30,1
3313,VT15_Z_FR20,0,30,1
3314,VT16_Z_FR20,0,30,1
3315,VT18_Z_FR20,0,30,1
3316,T3_Z_FR30,0,30,1
3317,T4_Z_FR30,0,30,1
3318,T5_Z_FR30,0,30,1
3319,T6_Z_FR30,0,30,1
3320,T7_Z_FR30,0,30,1
3321,T8_Z_FR30,0,30,1
3322,T9_Z_FR30,0,30,1
3323,T10_Z_FR30,0,30,1
3324,T12_Z_FR30,0,30,1
3325,T13_Z_FR30,0,30,1
3326,T14_Z_FR30,0,30,1
3327,T15_Z_FR30,0,30,1
3328,T16_Z_FR30,0,30,1
3329,T18_Z_FR30,0,30,1
3330,BL3_Z_FR40,0,30,1
3331,BL4_Z_FR40,0,30,1
3332,BL5_Z_FR40,0,30,1
3333,BL6_Z_FR40,0,30,1
3334,BL7_Z_FR40,0,30,1
3335,BL8_Z_FR40,0,30,1
3336,BL9_Z_FR40,0,30,1
3337,BL10_Z_FR40,0,30,1
3338,BL12_Z_FR40,0,30,1
3339,BL13_Z_FR40,0,30,1
3340,BL14_Z_FR40,0,30,1
3341,BL15_Z_FR40,0,30,1
3342,BL16_Z_FR40,0,30,1
3343,BL18_Z_FR40,0,30,1
3344,PT_FR50,0,30,1
3345,H1_FR60,0,30,1
3346,H2_FR60,0,30,1
3347,H3_FR60,0,30,1
3348,GL_FR70,0,30,1
3349,OLL_FR80,0,30,1
3350,PTB_FR90,0,30,1
3351,SB3_Z_FR100,0,20,1
3352,SB4_Z_FR100,0,20,1
3353,SB5_Z_FR100,0,20,1
3354,SB6_Z_FR100,0,20,1
3355,SB7_Z_FR100,0,20,1
3356,SB8_Z_FR100,0,20,1
3357,SB9_Z_FR100,0,20,1
3358,SB10_Z_FR100,0,20,1
3359,SB12_Z_FR100,0,20,1
3360,SB13_Z_FR100,0,20,1
3361,SB14_Z_FR100,0,20,1
3362,SB16_Z_FR100,0,20,1
3363,HTS3_Z_FR110,0,20,1
3364,HTS4_Z_FR110,0,20,1
3365,HTS5_Z_FR110,0,20,1
3366,HTS6_Z_FR110,0,20,1
3367,HTS7_Z_FR110,0,20,1
3368,HTS8_Z_FR110,0,20,1
3369,HTS9_Z_FR110,0,20,1
3370,HTS10_Z_FR110,0,20,1
3371,HTS12_Z_FR110,0,20,1
3372,HTS13_Z_FR110,0,20,1
3373,HTS14_Z_FR110,0,20,1
3374,HTS15_Z_FR110,0,20,1
3375,HTS16_Z_FR110,0,20,1
3376,HTS18_Z_FR110,0,20,1
3377,CLPISO220,0,110,1
3378,CLPISOVG68,0,110,1
3379,CLPISOPAOVG68,0,110,1
3380,CLPISOPAOVG460,0,110,1
3381,CLPISOH1VG460,0,110,1
3382,C3-size-3,0,120,1
3383,C3-size-4,0,120,1
3384,C3-size-5,0,120,1
3385,C3-size-6,0,120,1
3386,C3-size-7,0,120,1
3387,C3-size-8,0,120,1
3388,C3-size-9,0,120,1
3389,C3-size-10,0,120,1
3390,C3-size-12,0,120,1
3391,C3-size-13,0,120,1
3392,C3-size-14,0,120,1
3393,C3-size-15,0,120,1
3394,C3-size-16,0,120,1
3395,C3-size-18,0,120,1
3396,C4-size-3,0,120,1
3397,C4-size-4,0,120,1
3398,C4-size-5,0,120,1
3399,C4-size-6,0,120,1
3400,C4-size-7,0,120,1
3401,C4-size-8,0,120,1
3402,C4-size-9,0,120,1
3403,C4-size-10,0,120,1
3404,C4-size-12,0,120,1
3405,C4-size-13,0,120,1
3406,C4-size-14,0,120,1
3407,C4-size-15,0,120,1
3408,C4-size-16,0,120,1
3409,C4-size-18,0,120,1
3410,K303B40,0,10,1
3411,K303B45,0,10,1
3412,K303B50,0,10,1
3413,K303B56,0,10,1
3414,K303B63,0,10,1
3415,K303B71,0,10,1
3416,K303B80,0,10,1
3417,K303B90,0,10,1
3418,K303C10,0,10,1
3419,K303C11,0,10,1
3420,K303C13,0,10,1
3421,K303C14,0,10,1
3422,K303C16,0,10,1
3423,K303C18,0,10,1
3424,K303C20,0,10,1
3425,K303C22,0,10,1
3426,K303C25,0,10,1
3427,K303C28,0,10,1
3428,K303C32,0,10,1
3429,K303C36,0,10,1
3430,K303C40,0,10,1
3431,K303C45,0,10,1
3432,K303C50,0,10,1
3433,K303C56,0,10,1
3434,K303C63,0,10,1
3435,K303C71,0,10,1
3436,K303C80,0,10,1
3437,K303C90,0,10,1
3438,K303D10,0,10,1
3439,K304B40,0,10,1
3440,K304B45,0,10,1
3441,K304B50,0,10,1
3442,K304B56,0,10,1
3443,K304B63,0,10,1
3444,K304B71,0,10,1
3445,K304B80,0,10,1
3446,K304B90,0,10,1
3447,K304C10,0,10,1
3448,K304C11,0,10,1
3449,K304C13,0,10,1
3450,K304C14,0,10,1
3451,K304C16,0,10,1
3452,K304C18,0,10,1
3453,K304C20,0,10,1
3454,K304C22,0,10,1
3455,K304C25,0,10,1
3456,K304C28,0,10,1
3457,K304C32,0,10,1
3458,K304C36,0,10,1
3459,K304C40,0,10,1
3460,K304C45,0,10,1
3461,K304C50,0,10,1
3462,K304C56,0,10,1
3463,K304C63,0,10,1
3464,K304C71,0,10,1
3465,K304C80,0,10,1
3466,K304C90,0,10,1
3467,K304D10,0,10,1
3468,K304D11,0,10,1
3469,K304D13,0,10,1
3470,K305B40,0,10,1
3471,K305B45,0,10,1
3472,K305B50,0,10,1
3473,K305B56,0,10,1
3474,K305B63,0,10,1
3475,K305B71,0,10,1
3476,K305B80,0,10,1
3477,K305B90,0,10,1
3478,K305C10,0,10,1
3479,K305C11,0,10,1
3480,K305C13,0,10,1
3481,K305C14,0,10,1
3482,K305C16,0,10,1
3483,K305C18,0,10,1
3484,K305C20,0,10,1
3485,K305C22,0,10,1
3486,K305C25,0,10,1
3487,K305C28,0,10,1
3488,K305C32,0,10,1
3489,K305C36,0,10,1
3490,K305C40,0,10,1
3491,K305C45,0,10,1
3492,K305C50,0,10,1
3493,K305C56,0,10,1
3494,K305C63,0,10,1
3495,K305C71,0,10,1
3496,K305C80,0,10,1
3497,K305C90,0,10,1
3498,K305D10,0,10,1
3499,K305D11,0,10,1
3500,K306B40,0,10,1
3501,K306B45,0,10,1
3502,K306B50,0,10,1
3503,K306B56,0,10,1
3504,K306B63,0,10,1
3505,K306B71,0,10,1
3506,K306B80,0,10,1
3507,K306B90,0,10,1
3508,K306C10,0,10,1
3509,K306C11,0,10,1
3510,K306C13,0,10,1
3511,K306C14,0,10,1
3512,K306C16,0,10,1
3513,K306C18,0,10,1
3514,K306C20,0,10,1
3515,K306C22,0,10,1
3516,K306C25,0,10,1
3517,K306C28,0,10,1
3518,K306C32,0,10,1
3519,K306C36,0,10,1
3520,K306C40,0,10,1
3521,K306C45,0,10,1
3522,K306C50,0,10,1
3523,K306C56,0,10,1
3524,K306C63,0,10,1
3525,K306C71,0,10,1
3526,K306C80,0,10,1
3527,K306C90,0,10,1
3528,K306D10,0,10,1
3529,K306D11,0,10,1
3530,K306D13,0,10,1
3531,K307B71,0,10,1
3532,K307B80,0,10,1
3533,K307B90,0,10,1
3534,K307C10,0,10,1
3535,K307C11,0,10,1
3536,K307C13,0,10,1
3537,K307C14,0,10,1
3538,K307C16,0,10,1
3539,K307C18,0,10,1
3540,K307C20,0,10,1
3541,K307C22,0,10,1
3542,K307C25,0,10,1
3543,K307C28,0,10,1
3544,K307C32,0,10,1
3545,K307C36,0,10,1
3546,K307C40,0,10,1
3547,K307C45,0,10,1
3548,K307C50,0,10,1
3549,K307C56,0,10,1
3550,K307C63,0,10,1
3551,K307C71,0,10,1
3552,K307C80,0,10,1
3553,K307C90,0,10,1
3554,K307D10,0,10,1
3555,K307D11,0,10,1
3556,K307D13,0,10,1
3557,K307D14,0,10,1
3558,K307D16,0,10,1
3559,K307D18,0,10,1
3560,K308B71,0,10,1
3561,K308B80,0,10,1
3562,K308B90,0,10,1
3563,K308C10,0,10,1
3564,K308C11,0,10,1
3565,K308C13,0,10,1
3566,K308C14,0,10,1
3567,K308C16,0,10,1
3568,K308C18,0,10,1
3569,K308C20,0,10,1
3570,K308C22,0,10,1
3571,K308C25,0,10,1
3572,K308C28,0,10,1
3573,K308C32,0,10,1
3574,K308C36,0,10,1
3575,K308C40,0,10,1
3576,K308C45,0,10,1
3577,K308C50,0,10,1
3578,K308C56,0,10,1
3579,K308C63,0,10,1
3580,K308C71,0,10,1
3581,K308C80,0,10,1
3582,K308C90,0,10,1
3583,K308D10,0,10,1
3584,K308D11,0,10,1
3585,K308D13,0,10,1
3586,K308D14,0,10,1
3587,K308D16,0,10,1
3588,K308D18,0,10,1
3589,K309B71,0,10,1
3590,K309B80,0,10,1
3591,K309B90,0,10,1
3592,K309C10,0,10,1
3593,K309C11,0,10,1
3594,K309C13,0,10,1
3595,K309C14,0,10,1
3596,K309C16,0,10,1
3597,K309C18,0,10,1
3598,K309C20,0,10,1
3599,K309C22,0,10,1
3600,K309C25,0,10,1
3601,K309C28,0,10,1
3602,K309C32,0,10,1
3603,K309C36,0,10,1
3604,K309C40,0,10,1
3605,K309C45,0,10,1
3606,K309C50,0,10,1
3607,K309C56,0,10,1
3608,K309C63,0,10,1
3609,K309C71,0,10,1
3610,K309C80,0,10,1
3611,K309C90,0,10,1
3612,K309D10,0,10,1
3613,K309D11,0,10,1
3614,K309D13,0,10,1
3615,K309D14,0,10,1
3616,K309D16,0,10,1
3617,K309D18,0,10,1
3618,K310B80,0,10,1
3619,K310B90,0,10,1
3620,K310C10,0,10,1
3621,K310C11,0,10,1
3622,K310C13,0,10,1
3623,K310C14,0,10,1
3624,K310C16,0,10,1
3625,K310C18,0,10,1
3626,K310C20,0,10,1
3627,K310C22,0,10,1
3628,K310C25,0,10,1
3629,K310C28,0,10,1
3630,K310C32,0,10,1
3631,K310C36,0,10,1
3632,K310C40,0,10,1
3633,K310C45,0,10,1
3634,K310C50,0,10,1
3635,K310C56,0,10,1
3636,K310C63,0,10,1
3637,K310C71,0,10,1
3638,K310C80,0,10,1
3639,K310C90,0,10,1
3640,K310D10,0,10,1
3641,K310D11,0,10,1
3642,K310D13,0,10,1
3643,K310D14,0,10,1
3644,K310D16,0,10,1
3645,K310D18,0,10,1
3646,K312B71,0,10,1
3647,K312B80,0,10,1
3648,K312B90,0,10,1
3649,K312C10,0,10,1
3650,K312C11,0,10,1
3651,K312C13,0,10,1
3652,K312C14,0,10,1
3653,K312C16,0,10,1
3654,K312C18,0,10,1
3655,K312C20,0,10,1
3656,K312C22,0,10,1
3657,K312C25,0,10,1
3658,K312C28,0,10,1
3659,K312C32,0,10,1
3660,K312C36,0,10,1
3661,K312C40,0,10,1
3662,K312C45,0,10,1
3663,K312C50,0,10,1
3664,K312C56,0,10,1
3665,K312C63,0,10,1
3666,K312C71,0,10,1
3667,K312C80,0,10,1
3668,K312C90,0,10,1
3669,K312D10,0,10,1
3670,K312D11,0,10,1
3671,K312D13,0,10,1
3672,K312D14,0,10,1
3673,K312D16,0,10,1
3674,K312D18,0,10,1
3675,K315C10,0,10,1
3676,K315C11,0,10,1
3677,K315C13,0,10,1
3678,K315C14,0,10,1
3679,K315C16,0,10,1
3680,K315C18,0,10,1
3681,K315C20,0,10,1
3682,K315C22,0,10,1
3683,K315C25,0,10,1
3684,K315C28,0,10,1
3685,K315C32,0,10,1
3686,K315C36,0,10,1
3687,K315C40,0,10,1
3688,K315C45,0,10,1
3689,K315C50,0,10,1
3690,K315C56,0,10,1
3691,K315C63,0,10,1
3692,K315C71,0,10,1
3693,K315C80,0,10,1
3694,K315C90,0,10,1
3695,K315D10,0,10,1
3696,K315D11,0,10,1
3697,K315D13,0,10,1
3698,K315D14,0,10,1
3699,K316C10,0,10,1
3700,K316C11,0,10,1
3701,K316C13,0,10,1
3702,K316C14,0,10,1
3703,K316C16,0,10,1
3704,K316C18,0,10,1
3705,K316C20,0,10,1
3706,K316C22,0,10,1
3707,K316C25,0,10,1
3708,K316C28,0,10,1
3709,K316C32,0,10,1
3710,K316C36,0,10,1
3711,K316C40,0,10,1
3712,K316C45,0,10,1
3713,K316C50,0,10,1
3714,K316C56,0,10,1
3715,K316C63,0,10,1
3716,K316C71,0,10,1
3717,K316C80,0,10,1
3718,K316C90,0,10,1
3719,K316D10,0,10,1
3720,K316D11,0,10,1
3721,K316D13,0,10,1
3722,K316D14,0,10,1
3723,K316D16,0,10,1
3724,K318C10,0,10,1
3725,K318C11,0,10,1
3726,K318C13,0,10,1
3727,K318C14,0,10,1
3728,K318C16,0,10,1
3729,K318C18,0,10,1
3730,K318C20,0,10,1
3731,K318C22,0,10,1
3732,K318C25,0,10,1
3733,K318C28,0,10,1
3734,K318C32,0,10,1
3735,K318C36,0,10,1
3736,K318C40,0,10,1
3737,K318C45,0,10,1
3738,K318C50,0,10,1
3739,K318C56,0,10,1
3740,K318C63,0,10,1
3741,K318C71,0,10,1
3742,K318C80,0,10,1
3743,K318C90,0,10,1
3744,K318D10,0,10,1
3745,K318D11,0,10,1
3746,K318D13,0,10,1
3747,K318D14,0,10,1
3748,K318D16,0,10,1
3749,F202B40,0,10,1
3750,F202B45,0,10,1
3751,F202B50,0,10,1
3752,F202B56,0,10,1
3753,F202B63,0,10,1
3754,F202B71,0,10,1
3755,F202B80,0,10,1
3756,F202B90,0,10,1
3757,F202C10,0,10,1
3758,F202C11,0,10,1
3759,F202C13,0,10,1
3760,F202C14,0,10,1
3761,F302C16,0,10,1
3762,F302C18,0,10,1
3763,F302C20,0,10,1
3764,F302C22,0,10,1
3765,F302C25,0,10,1
3766,F302C28,0,10,1
3767,F302C32,0,10,1
3768,F302C36,0,10,1
3769,F302C40,0,10,1
3770,F302C45,0,10,1
3771,F302C50,0,10,1
3772,F302C56,0,10,1
3773,F302C63,0,10,1
3774,F302C71,0,10,1
3775,F302C80,0,10,1
3776,F302C90,0,10,1
3777,F302D10,0,10,1
3778,F302D11,0,10,1
3779,F203B40,0,10,1
3780,F203B45,0,10,1
3781,F203B50,0,10,1
3782,F203B56,0,10,1
3783,F203B63,0,10,1
3784,F203B71,0,10,1
3785,F203B80,0,10,1
3786,F203B90,0,10,1
3787,F203C10,0,10,1
3788,F203C11,0,10,1
3789,F203C13,0,10,1
3790,F203C14,0,10,1
3791,F203C16,0,10,1
3792,F203C18,0,10,1
3793,F203C20,0,10,1
3794,F303C22,0,10,1
3795,F303C25,0,10,1
3796,F303C28,0,10,1
3797,F303C32,0,10,1
3798,F303C36,0,10,1
3799,F303C40,0,10,1
3800,F303C45,0,10,1
3801,F303C50,0,10,1
3802,F303C56,0,10,1
3803,F303C63,0,10,1
3804,F303C71,0,10,1
3805,F303C80,0,10,1
3806,F303C90,0,10,1
3807,F303D10,0,10,1
3808,F303D11,0,10,1
3809,F303D13,0,10,1
3810,F204B45,0,10,1
3811,F204B50,0,10,1
3812,F204B56,0,10,1
3813,F204B63,0,10,1
3814,F204B71,0,10,1
3815,F204B80,0,10,1
3816,F204B90,0,10,1
3817,F204C10,0,10,1
3818,F204C11,0,10,1
3819,F204C13,0,10,1
3820,F204C14,0,10,1
3821,F204C16,0,10,1
3822,F204C18,0,10,1
3823,F204C20,0,10,1
3824,F204C22,0,10,1
3825,F304C25,0,10,1
3826,F304C28,0,10,1
3827,F304C32,0,10,1
3828,F304C36,0,10,1
3829,F304C40,0,10,1
3830,F304C45,0,10,1
3831,F304C50,0,10,1
3832,F304C56,0,10,1
3833,F304C63,0,10,1
3834,F304C71,0,10,1
3835,F304C80,0,10,1
3836,F304C90,0,10,1
3837,F304D10,0,10,1
3838,F304D11,0,10,1
3839,F304D13,0,10,1
3840,F304D14,0,10,1
3841,F304D16,0,10,1
3842,F205B40,0,10,1
3843,F205B45,0,10,1
3844,F205B50,0,10,1
3845,F205B56,0,10,1
3846,F205B63,0,10,1
3847,F205B71,0,10,1
3848,F205B80,0,10,1
3849,F205B90,0,10,1
3850,F205C10,0,10,1
3851,F205C11,0,10,1
3852,F205C13,0,10,1
3853,F205C14,0,10,1
3854,F205C16,0,10,1
3855,F205C18,0,10,1
3856,F305C20,0,10,1
3857,F305C22,0,10,1
3858,F305C25,0,10,1
3859,F305C28,0,10,1
3860,F305C32,0,10,1
3861,F305C36,0,10,1
3862,F305C40,0,10,1
3863,F305C45,0,10,1
3864,F305C50,0,10,1
3865,F305C56,0,10,1
3866,F305C63,0,10,1
3867,F305C71,0,10,1
3868,F305C80,0,10,1
3869,F305C90,0,10,1
3870,F305D10,0,10,1
3871,F305D11,0,10,1
3872,F305D13,0,10,1
3873,F305D14,0,10,1
3874,F206B40,0,10,1
3875,F206B45,0,10,1
3876,F206B50,0,10,1
3877,F206B56,0,10,1
3878,F206B63,0,10,1
3879,F206B71,0,10,1
3880,F206B80,0,10,1
3881,F206B90,0,10,1
3882,F206C10,0,10,1
3883,F206C11,0,10,1
3884,F206C13,0,10,1
3885,F306C14,0,10,1
3886,F306C16,0,10,1
3887,F306C18,0,10,1
3888,F306C20,0,10,1
3889,F306C22,0,10,1
3890,F306C25,0,10,1
3891,F306C28,0,10,1
3892,F306C32,0,10,1
3893,F306C36,0,10,1
3894,F306C40,0,10,1
3895,F306C45,0,10,1
3896,F306C50,0,10,1
3897,F306C56,0,10,1
3898,F306C63,0,10,1
3899,F306C71,0,10,1
3900,F306C80,0,10,1
3901,F306C90,0,10,1
3902,F306D10,0,10,1
3903,F306D11,0,10,1
3904,F306D13,0,10,1
3905,F306D14,0,10,1
3906,F306D16,0,10,1
3907,F306D18,0,10,1
3908,F306D20,0,10,1
3909,F207B40,0,10,1
3910,F207B45,0,10,1
3911,F207B50,0,10,1
3912,F207B56,0,10,1
3913,F207B63,0,10,1
3914,F207B71,0,10,1
3915,F207B80,0,10,1
3916,F207B90,0,10,1
3917,F207C10,0,10,1
3918,F207C11,0,10,1
3919,F207C13,0,10,1
3920,F207C14,0,10,1
3921,F207C16,0,10,1
3922,F207C18,0,10,1
3923,F208B40,0,10,1
3924,F208B45,0,10,1
3925,F208B50,0,10,1
3926,F208B56,0,10,1
3927,F208B63,0,10,1
3928,F208B71,0,10,1
3929,F208B80,0,10,1
3930,F208B90,0,10,1
3931,F208C10,0,10,1
3932,F208C11,0,10,1
3933,F208C13,0,10,1
3934,F208C14,0,10,1
3935,F208C16,0,10,1
3936,F208C18,0,10,1
3937,F208C20,0,10,1
3938,F208C22,0,10,1
3939,F307C20,0,10,1
3940,F307C22,0,10,1
3941,F307C25,0,10,1
3942,F307C28,0,10,1
3943,F307C32,0,10,1
3944,F307C36,0,10,1
3945,F307C40,0,10,1
3946,F307C45,0,10,1
3947,F307C50,0,10,1
3948,F307C56,0,10,1
3949,F307C63,0,10,1
3950,F307C71,0,10,1
3951,F307C80,0,10,1
3952,F307C90,0,10,1
3953,F307D10,0,10,1
3954,F307D11,0,10,1
3955,F307D13,0,10,1
3956,F307D14,0,10,1
3957,F307D16,0,10,1
3958,F307D18,0,10,1
3959,F307D20,0,10,1
3960,F307D22,0,10,1
3961,F307D25,0,10,1
3962,F308C25,0,10,1
3963,F308C28,0,10,1
3964,F308C32,0,10,1
3965,F308C36,0,10,1
3966,F308C40,0,10,1
3967,F308C45,0,10,1
3968,F308C50,0,10,1
3969,F308C56,0,10,1
3970,F308C63,0,10,1
3971,F308C71,0,10,1
3972,F308C80,0,10,1
3973,F308C90,0,10,1
3974,F308D10,0,10,1
3975,F308D11,0,10,1
3976,F308D13,0,10,1
3977,F308D14,0,10,1
3978,F308D16,0,10,1
3979,F308D18,0,10,1
3980,F308D20,0,10,1
3981,F308D22,0,10,1
3982,F308D25,0,10,1
3983,F209B40,0,10,1
3984,F209B45,0,10,1
3985,F209B50,0,10,1
3986,F209B56,0,10,1
3987,F209B63,0,10,1
3988,F209B71,0,10,1
3989,F209B80,0,10,1
3990,F209B90,0,10,1
3991,F209C10,0,10,1
3992,F209C11,0,10,1
3993,F209C13,0,10,1
3994,F209C14,0,10,1
3995,F209C16,0,10,1
3996,F209C18,0,10,1
3997,F209C20,0,10,1
3998,F309C22,0,10,1
3999,F309C25,0,10,1
4000,F309C28,0,10,1
4001,F309C32,0,10,1
4002,F309C36,0,10,1
4003,F309C40,0,10,1
4004,F309C45,0,10,1
4005,F309C50,0,10,1
4006,F309C56,0,10,1
4007,F309C63,0,10,1
4008,F309C71,0,10,1
4009,F309C80,0,10,1
4010,F309C90,0,10,1
4011,F309D10,0,10,1
4012,F309D11,0,10,1
4013,F309D13,0,10,1
4014,F309D14,0,10,1
4015,F309D16,0,10,1
4016,F309D18,0,10,1
4017,F309D20,0,10,1
4018,F309D22,0,10,1
4019,F309D25,0,10,1
4020,F210B50,0,10,1
4021,F210B56,0,10,1
4022,F210B63,0,10,1
4023,F210B71,0,10,1
4024,F210B80,0,10,1
4025,F210B90,0,10,1
4026,F210C10,0,10,1
4027,F210C11,0,10,1
4028,F210C13,0,10,1
4029,F210C14,0,10,1
4030,F210C16,0,10,1
4031,F210C18,0,10,1
4032,F210C20,0,10,1
4033,F210C22,0,10,1
4034,F210C25,0,10,1
4035,F310C28,0,10,1
4036,F310C32,0,10,1
4037,F310C36,0,10,1
4038,F310C40,0,10,1
4039,F310C45,0,10,1
4040,F310C50,0,10,1
4041,F310C56,0,10,1
4042,F310C63,0,10,1
4043,F310C71,0,10,1
4044,F310C80,0,10,1
4045,F310C90,0,10,1
4046,F310D10,0,10,1
4047,F310D11,0,10,1
4048,F310D13,0,10,1
4049,F310D14,0,10,1
4050,F310D16,0,10,1
4051,F310D18,0,10,1
4052,F310D20,0,10,1
4053,F310D22,0,10,1
4054,F212B50,0,10,1
4055,F212B56,0,10,1
4056,F212B63,0,10,1
4057,F212B71,0,10,1
4058,F212B80,0,10,1
4059,F212B90,0,10,1
4060,F212C10,0,10,1
4061,F212C11,0,10,1
4062,F212C13,0,10,1
4063,F212C14,0,10,1
4064,F212C16,0,10,1
4065,F212C18,0,10,1
4066,F212C20,0,10,1
4067,F212C22,0,10,1
4068,F312C25,0,10,1
4069,F312C28,0,10,1
4070,F312C32,0,10,1
4071,F312C36,0,10,1
4072,F312C40,0,10,1
4073,F312C45,0,10,1
4074,F312C50,0,10,1
4075,F312C56,0,10,1
4076,F312C63,0,10,1
4077,F312C71,0,10,1
4078,F312C80,0,10,1
4079,F312C90,0,10,1
4080,F312D10,0,10,1
4081,F312D11,0,10,1
4082,F312D13,0,10,1
4083,F312D14,0,10,1
4084,F312D16,0,10,1
4085,F312D18,0,10,1
4086,F312D20,0,10,1
4087,F312D22,0,10,1
4088,F215B63,0,10,1
4089,F215B71,0,10,1
4090,F215B80,0,10,1
4091,F215B90,0,10,1
4092,F215C10,0,10,1
4093,F215C11,0,10,1
4094,F215C13,0,10,1
4095,F215C14,0,10,1
4096,F215C16,0,10,1
4097,F215C18,0,10,1
4098,F215C20,0,10,1
4099,F215C22,0,10,1
4100,F315C25,0,10,1
4101,F315C28,0,10,1
4102,F315C32,0,10,1
4103,F315C36,0,10,1
4104,F315C40,0,10,1
4105,F315C45,0,10,1
4106,F315C50,0,10,1
4107,F315C56,0,10,1
4108,F315C63,0,10,1
4109,F315C71,0,10,1
4110,F315C80,0,10,1
4111,F315C90,0,10,1
4112,F315D10,0,10,1
4113,F315D11,0,10,1
4114,F315D13,0,10,1
4115,F315D14,0,10,1
4116,F315D16,0,10,1
4117,F315D18,0,10,1
4118,K303C201D11,0,10,1
4119,K303C201D13,0,10,1
4120,K303C201D14,0,10,1
4121,K303C201D16,0,10,1
4122,K303C201D25,0,10,1
4123,K303C201D28,0,10,1
4124,K303C201D32,0,10,1
4125,K303C201D36,0,10,1
4126,K303C201D40,0,10,1
4127,K303C201D45,0,10,1
4128,K303C301D18,0,10,1
4129,K303C301D20,0,10,1
4130,K303C301D22,0,10,1
4131,K303C301D50,0,10,1
4132,K303C301D56,0,10,1
4133,K303C301D63,0,10,1
4134,K303C301D71,0,10,1
4135,K303C301D80,0,10,1
4136,K303C301D90,0,10,1
4137,K303C301E10,0,10,1
4138,K303C301E11,0,10,1
4139,K303C301E13,0,10,1
4140,K303C301E14,0,10,1
4141,K303C301E16,0,10,1
4142,K303C301E18,0,10,1
4143,K303C301E20,0,10,1
4144,K303C301E22,0,10,1
4145,K303C301E25,0,10,1
4146,K303C301E28,0,10,1
4147,K303C301E32,0,10,1
4148,K303C301E36,0,10,1
4149,K303C301E40,0,10,1
4150,K303C301E45,0,10,1
4151,K303C301E50,0,10,1
4152,K303C301E56,0,10,1
4153,K304C203D11,0,10,1
4154,K304C203D13,0,10,1
4155,K304C203D14,0,10,1
4156,K304C203D16,0,10,1
4157,K304C203D18,0,10,1
4158,K304C203D25,0,10,1
4159,K304C203D28,0,10,1
4160,K304C203D32,0,10,1
4161,K304C203D36,0,10,1
4162,K304C203D40,0,10,1
4163,K304C203D45,0,10,1
4164,K304C203D50,0,10,1
4165,K304C303D20,0,10,1
4166,K304C303D22,0,10,1
4167,K304C303D56,0,10,1
4168,K304C303D63,0,10,1
4169,K304C303D71,0,10,1
4170,K304C303D80,0,10,1
4171,K304C303D90,0,10,1
4172,K304C303E10,0,10,1
4173,K304C303E11,0,10,1
4174,K304C303E13,0,10,1
4175,K304C303E14,0,10,1
4176,K304C303E16,0,10,1
4177,K304C303E18,0,10,1
4178,K304C303E20,0,10,1
4179,K304C303E22,0,10,1
4180,K304C303E25,0,10,1
4181,K304C303E28,0,10,1
4182,K304C303E32,0,10,1
4183,K304C303E36,0,10,1
4184,K304C303E40,0,10,1
4185,K304C303E45,0,10,1
4186,K304C303E50,0,10,1
4187,K304C303E56,0,10,1
4188,K304C303E63,0,10,1
4189,K305C203D11,0,10,1
4190,K305C203D13,0,10,1
4191,K305C203D14,0,10,1
4192,K305C203D16,0,10,1
4193,K305C203D18,0,10,1
4194,K305C203D25,0,10,1
4195,K305C203D28,0,10,1
4196,K305C203D32,0,10,1
4197,K305C203D36,0,10,1
4198,K305C203D40,0,10,1
4199,K305C203D45,0,10,1
4200,K305C203D50,0,10,1
4201,K305C303D20,0,10,1
4202,K305C303D22,0,10,1
4203,K305C303D56,0,10,1
4204,K305C303D63,0,10,1
4205,K305C303D71,0,10,1
4206,K305C303D80,0,10,1
4207,K305C303D90,0,10,1
4208,K305C303E10,0,10,1
4209,K305C303E11,0,10,1
4210,K305C303E13,0,10,1
4211,K305C303E14,0,10,1
4212,K305C303E16,0,10,1
4213,K305C303E18,0,10,1
4214,K305C303E20,0,10,1
4215,K305C303E22,0,10,1
4216,K305C303E25,0,10,1
4217,K305C303E28,0,10,1
4218,K305C303E32,0,10,1
4219,K305C303E36,0,10,1
4220,K305C303E40,0,10,1
4221,K305C303E45,0,10,1
4222,K305C303E50,0,10,1
4223,K305C303E56,0,10,1
4224,K305C303E63,0,10,1
4225,K306C203D11,0,10,1
4226,K306C203D13,0,10,1
4227,K306C203D14,0,10,1
4228,K306C203D16,0,10,1
4229,K306C203D18,0,10,1
4230,K306C203D25,0,10,1
4231,K306C203D28,0,10,1
4232,K306C203D32,0,10,1
4233,K306C203D36,0,10,1
4234,K306C203D40,0,10,1
4235,K306C203D45,0,10,1
4236,K306C203D50,0,10,1
4237,K306C303D20,0,10,1
4238,K306C303D22,0,10,1
4239,K306C303D56,0,10,1
4240,K306C303D63,0,10,1
4241,K306C303D71,0,10,1
4242,K306C303D80,0,10,1
4243,K306C303D90,0,10,1
4244,K306C303E10,0,10,1
4245,K306C303E11,0,10,1
4246,K306C303E13,0,10,1
4247,K306C303E14,0,10,1
4248,K306C303E16,0,10,1
4249,K306C303E18,0,10,1
4250,K306C303E20,0,10,1
4251,K306C303E22,0,10,1
4252,K306C303E25,0,10,1
4253,K306C303E28,0,10,1
4254,K306C303E32,0,10,1
4255,K306C303E36,0,10,1
4256,K306C303E40,0,10,1
4257,K306C303E45,0,10,1
4258,K306C303E50,0,10,1
4259,K306C303E56,0,10,1
4260,K306C303E63,0,10,1
4261,K307C203D11,0,10,1
4262,K307C203D13,0,10,1
4263,K307C203D14,0,10,1
4264,K307C203D16,0,10,1
4265,K307C203D18,0,10,1
4266,K307C203D25,0,10,1
4267,K307C203D28,0,10,1
4268,K307C203D32,0,10,1
4269,K307C203D36,0,10,1
4270,K307C203D40,0,10,1
4271,K307C203D45,0,10,1
4272,K307C203D50,0,10,1
4273,K307C303D20,0,10,1
4274,K307C303D22,0,10,1
4275,K307C303D56,0,10,1
4276,K307C303D63,0,10,1
4277,K307C303D71,0,10,1
4278,K307C303D80,0,10,1
4279,K307C303D90,0,10,1
4280,K307C303E10,0,10,1
4281,K307C303E11,0,10,1
4282,K307C303E13,0,10,1
4283,K307C303E14,0,10,1
4284,K307C303E16,0,10,1
4285,K307C303E18,0,10,1
4286,K307C303E20,0,10,1
4287,K307C303E22,0,10,1
4288,K307C303E25,0,10,1
4289,K307C303E28,0,10,1
4290,K307C303E32,0,10,1
4291,K307C303E36,0,10,1
4292,K307C303E40,0,10,1
4293,K307C303E45,0,10,1
4294,K307C303E50,0,10,1
4295,K307C303E56,0,10,1
4296,K307C303E63,0,10,1
4297,K308C205D11,0,10,1
4298,K308C205D13,0,10,1
4299,K308C205D14,0,10,1
4300,K308C205D16,0,10,1
4301,K308C205D18,0,10,1
4302,K308C205D20,0,10,1
4303,K308C205D22,0,10,1
4304,K308C205D25,0,10,1
4305,K308C205D28,0,10,1
4306,K308C205D32,0,10,1
4307,K308C205D36,0,10,1
4308,K308C205D40,0,10,1
4309,K308C205D45,0,10,1
4310,K308C205D50,0,10,1
4311,K308C205D56,0,10,1
4312,K308C205D63,0,10,1
4313,K308C205D71,0,10,1
4314,K308C305D80,0,10,1
4315,K308C305D90,0,10,1
4316,K308C305E10,0,10,1
4317,K308C305E11,0,10,1
4318,K308C305E13,0,10,1
4319,K308C305E14,0,10,1
4320,K308C305E16,0,10,1
4321,K308C305E18,0,10,1
4322,K308C305E20,0,10,1
4323,K308C305E22,0,10,1
4324,K308C305E25,0,10,1
4325,K308C305E28,0,10,1
4326,K308C305E32,0,10,1
4327,K308C305E36,0,10,1
4328,K308C305E40,0,10,1
4329,K308C305E45,0,10,1
4330,K308C305E50,0,10,1
4331,K308C305E56,0,10,1
4332,K308C305E63,0,10,1
4333,K309C205D11,0,10,1
4334,K309C205D13,0,10,1
4335,K309C205D14,0,10,1
4336,K309C205D16,0,10,1
4337,K309C205D18,0,10,1
4338,K309C205D20,0,10,1
4339,K309C205D22,0,10,1
4340,K309C205D25,0,10,1
4341,K309C205D28,0,10,1
4342,K309C205D32,0,10,1
4343,K309C205D36,0,10,1
4344,K309C205D40,0,10,1
4345,K309C205D45,0,10,1
4346,K309C205D50,0,10,1
4347,K309C205D56,0,10,1
4348,K309C205D63,0,10,1
4349,K309C205D71,0,10,1
4350,K309C305D80,0,10,1
4351,K309C305D90,0,10,1
4352,K309C305E10,0,10,1
4353,K309C305E11,0,10,1
4354,K309C305E13,0,10,1
4355,K309C305E14,0,10,1
4356,K309C305E16,0,10,1
4357,K309C305E18,0,10,1
4358,K309C305E20,0,10,1
4359,K309C305E22,0,10,1
4360,K309C305E25,0,10,1
4361,K309C305E28,0,10,1
4362,K309C305E32,0,10,1
4363,K309C305E36,0,10,1
4364,K309C305E40,0,10,1
4365,K309C305E45,0,10,1
4366,K309C305E50,0,10,1
4367,K309C305E56,0,10,1
4368,K309C305E63,0,10,1
4369,K309C305E71,0,10,1
4370,K310C207D11,0,10,1
4371,K310C207D13,0,10,1
4372,K310C207D14,0,10,1
4373,K310C207D25,0,10,1
4374,K310C207D28,0,10,1
4375,K310C207D32,0,10,1
4376,K310C207D36,0,10,1
4377,K310C207D40,0,10,1
4378,K310C307D16,0,10,1
4379,K310C307D18,0,10,1
4380,K310C307D20,0,10,1
4381,K310C307D22,0,10,1
4382,K310C307D45,0,10,1
4383,K310C307D50,0,10,1
4384,K310C307D56,0,10,1
4385,K310C307D63,0,10,1
4386,K310C307D71,0,10,1
4387,K310C307D80,0,10,1
4388,K310C307D90,0,10,1
4389,K310C307E10,0,10,1
4390,K310C307E11,0,10,1
4391,K310C307E13,0,10,1
4392,K310C307E14,0,10,1
4393,K310C307E16,0,10,1
4394,K310C307E18,0,10,1
4395,K310C307E20,0,10,1
4396,K310C307E22,0,10,1
4397,K310C307E25,0,10,1
4398,K310C307E28,0,10,1
4399,K310C307E32,0,10,1
4400,K310C307E36,0,10,1
4401,K310C307E40,0,10,1
4402,K310C307E45,0,10,1
4403,K310C307E50,0,10,1
4404,K310C307E56,0,10,1
4405,K310C307E63,0,10,1
4406,K310C307E71,0,10,1
4407,K312C207D25,0,10,1
4408,K312C207D28,0,10,1
4409,K312C207D32,0,10,1
4410,K312C207D36,0,10,1
4411,K312C207D40,0,10,1
4412,K312C208D11,0,10,1
4413,K312C208D13,0,10,1
4414,K312C208D14,0,10,1
4415,K312C208D16,0,10,1
4416,K312C208D18,0,10,1
4417,K312C208D20,0,10,1
4418,K312C208D22,0,10,1
4419,K312C307D45,0,10,1
4420,K312C307D50,0,10,1
4421,K312C307D56,0,10,1
4422,K312C307D63,0,10,1
4423,K312C307D71,0,10,1
4424,K312C307D80,0,10,1
4425,K312C307D90,0,10,1
4426,K312C307E10,0,10,1
4427,K312C307E11,0,10,1
4428,K312C307E13,0,10,1
4429,K312C307E14,0,10,1
4430,K312C307E16,0,10,1
4431,K312C307E18,0,10,1
4432,K312C307E20,0,10,1
4433,K312C307E22,0,10,1
4434,K312C307E25,0,10,1
4435,K312C307E28,0,10,1
4436,K312C307E32,0,10,1
4437,K312C307E36,0,10,1
4438,K312C307E40,0,10,1
4439,K312C307E45,0,10,1
4440,K312C307E50,0,10,1
4441,K312C307E56,0,10,1
4442,K312C307E63,0,10,1
4443,K312C307E71,0,10,1
4444,K315C209D25,0,10,1
4445,K315C209D28,0,10,1
4446,K315C209D32,0,10,1
4447,K315C209D36,0,10,1
4448,K315C209D40,0,10,1
4449,K315C209D45,0,10,1
4450,K315C209D50,0,10,1
4451,K315C209D56,0,10,1
4452,K315C209D63,0,10,1
4453,K315C209D71,0,10,1
4454,K315C209D80,0,10,1
4455,K315C209D90,0,10,1
4456,K315C210D11,0,10,1
4457,K315C210D13,0,10,1
4458,K315C210D14,0,10,1
4459,K315C210D16,0,10,1
4460,K315C210D18,0,10,1
4461,K315C210D20,0,10,1
4462,K315C210D22,0,10,1
4463,K315C309E10,0,10,1
4464,K315C309E11,0,10,1
4465,K315C309E13,0,10,1
4466,K315C309E14,0,10,1
4467,K315C309E16,0,10,1
4468,K315C309E18,0,10,1
4469,K315C309E20,0,10,1
4470,K315C309E22,0,10,1
4471,K315C309E25,0,10,1
4472,K315C309E28,0,10,1
4473,K315C309E32,0,10,1
4474,K315C309E36,0,10,1
4475,K315C309E40,0,10,1
4476,K315C309E45,0,10,1
4477,K315C309E50,0,10,1
4478,K315C309E56,0,10,1
4479,K315C309E63,0,10,1
4480,K315C309E71,0,10,1
4481,K316C209D25,0,10,1
4482,K316C209D28,0,10,1
4483,K316C209D32,0,10,1
4484,K316C209D36,0,10,1
4485,K316C209D40,0,10,1
4486,K316C209D45,0,10,1
4487,K316C209D50,0,10,1
4488,K316C209D56,0,10,1
4489,K316C209D63,0,10,1
4490,K316C209D71,0,10,1
4491,K316C209D80,0,10,1
4492,K316C209D90,0,10,1
4493,K316C210D11,0,10,1
4494,K316C210D13,0,10,1
4495,K316C210D14,0,10,1
4496,K316C210D16,0,10,1
4497,K316C210D18,0,10,1
4498,K316C210D20,0,10,1
4499,K316C210D22,0,10,1
4500,K316C309E10,0,10,1
4501,K316C309E11,0,10,1
4502,K316C309E13,0,10,1
4503,K316C309E14,0,10,1
4504,K316C309E16,0,10,1
4505,K316C309E18,0,10,1
4506,K316C309E20,0,10,1
4507,K316C309E22,0,10,1
4508,K316C309E25,0,10,1
4509,K316C309E28,0,10,1
4510,K316C309E32,0,10,1
4511,K316C309E36,0,10,1
4512,K316C309E40,0,10,1
4513,K316C309E45,0,10,1
4514,K316C309E50,0,10,1
4515,K316C309E56,0,10,1
4516,K316C309E63,0,10,1
4517,K316C309E71,0,10,1
4518,K318C209D25,0,10,1
4519,K318C209D28,0,10,1
4520,K318C209D32,0,10,1
4521,K318C209D36,0,10,1
4522,K318C209D40,0,10,1
4523,K318C209D45,0,10,1
4524,K318C209D50,0,10,1
4525,K318C209D56,0,10,1
4526,K318C209D63,0,10,1
4527,K318C209D71,0,10,1
4528,K318C209D80,0,10,1
4529,K318C209D90,0,10,1
4530,K318C210D11,0,10,1
4531,K318C210D13,0,10,1
4532,K318C210D14,0,10,1
4533,K318C210D16,0,10,1
4534,K318C210D18,0,10,1
4535,K318C210D20,0,10,1
4536,K318C210D22,0,10,1
4537,K318C309E10,0,10,1
4538,K318C309E11,0,10,1
4539,K318C309E13,0,10,1
4540,K318C309E14,0,10,1
4541,K318C309E16,0,10,1
4542,K318C309E18,0,10,1
4543,K318C309E20,0,10,1
4544,K318C309E22,0,10,1
4545,K318C309E25,0,10,1
4546,K318C309E28,0,10,1
4547,K318C309E32,0,10,1
4548,K318C309E36,0,10,1
4549,K318C309E40,0,10,1
4550,K318C309E45,0,10,1
4551,K318C309E50,0,10,1
4552,K318C309E56,0,10,1
4553,K318C309E63,0,10,1
4554,K318C309E71,0,10,1
4555,F302C201D13,0,10,1
4556,F302C201D14,0,10,1
4557,F302C201D16,0,10,1
4558,F302C201D18,0,10,1
4559,F302C201D20,0,10,1
4560,F302C201D22,0,10,1
4561,F302C201D25,0,10,1
4562,F302C201D28,0,10,1
4563,F302C201D32,0,10,1
4564,F302C201D36,0,10,1
4565,F302C201D40,0,10,1
4566,F302C201D45,0,10,1
4567,F302C301D50,0,10,1
4568,F302C301D56,0,10,1
4569,F302C301D63,0,10,1
4570,F302C301D71,0,10,1
4571,F302C301D80,0,10,1
4572,F302C301D90,0,10,1
4573,F302C301E10,0,10,1
4574,F302C301E11,0,10,1
4575,F302C301E13,0,10,1
4576,F302C301E14,0,10,1
4577,F302C301E16,0,10,1
4578,F302C301E18,0,10,1
4579,F302C301E20,0,10,1
4580,F302C301E22,0,10,1
4581,F302C301E25,0,10,1
4582,F302C301E28,0,10,1
4583,F302C301E32,0,10,1
4584,F302C301E36,0,10,1
4585,F302C301E40,0,10,1
4586,F302C301E45,0,10,1
4587,F302C301E50,0,10,1
4588,F302C301E56,0,10,1
4589,F302C301E63,0,10,1
4590,F302C301E71,0,10,1
4591,F302C301E80,0,10,1
4592,F203C201D13,0,10,1
4593,F203C201D14,0,10,1
4594,F203C201D16,0,10,1
4595,F203C201D18,0,10,1
4596,F203C201D20,0,10,1
4597,F303C201D22,0,10,1
4598,F303C201D25,0,10,1
4599,F303C201D28,0,10,1
4600,F303C201D32,0,10,1
4601,F303C201D36,0,10,1
4602,F303C201D40,0,10,1
4603,F303C201D45,0,10,1
4604,F303C301D50,0,10,1
4605,F303C301D56,0,10,1
4606,F303C301D63,0,10,1
4607,F303C301D71,0,10,1
4608,F303C301D80,0,10,1
4609,F303C301D90,0,10,1
4610,F303C301E10,0,10,1
4611,F303C301E11,0,10,1
4612,F303C301E13,0,10,1
4613,F303C301E14,0,10,1
4614,F303C301E16,0,10,1
4615,F303C301E18,0,10,1
4616,F303C301E20,0,10,1
4617,F303C301E22,0,10,1
4618,F303C301E25,0,10,1
4619,F303C301E28,0,10,1
4620,F303C301E32,0,10,1
4621,F303C301E36,0,10,1
4622,F303C301E40,0,10,1
4623,F303C301E45,0,10,1
4624,F303C301E50,0,10,1
4625,F303C301E56,0,10,1
4626,F303C301E63,0,10,1
4627,F303C301E71,0,10,1
4628,F303C301E80,0,10,1
4629,F204C203D13,0,10,1
4630,F204C203D14,0,10,1
4631,F204C203D16,0,10,1
4632,F204C203D18,0,10,1
4633,F204C203D20,0,10,1
4634,F304C203D22,0,10,1
4635,F304C203D25,0,10,1
4636,F304C203D28,0,10,1
4637,F304C203D32,0,10,1
4638,F304C203D36,0,10,1
4639,F304C203D40,0,10,1
4640,F304C203D45,0,10,1
4641,F304C203D50,0,10,1
4642,F304C303D56,0,10,1
4643,F304C303D63,0,10,1
4644,F304C303D71,0,10,1
4645,F304C303D80,0,10,1
4646,F304C303D90,0,10,1
4647,F304C303E10,0,10,1
4648,F304C303E11,0,10,1
4649,F304C303E13,0,10,1
4650,F304C303E14,0,10,1
4651,F304C303E16,0,10,1
4652,F304C303E18,0,10,1
4653,F304C303E20,0,10,1
4654,F304C303E22,0,10,1
4655,F304C303E25,0,10,1
4656,F304C303E28,0,10,1
4657,F304C303E32,0,10,1
4658,F304C303E36,0,10,1
4659,F304C303E40,0,10,1
4660,F304C303E45,0,10,1
4661,F304C303E50,0,10,1
4662,F304C303E56,0,10,1
4663,F304C303E63,0,10,1
4664,F304C303E71,0,10,1
4665,F304C303E80,0,10,1
4666,F205C203D13,0,10,1
4667,F205C203D14,0,10,1
4668,F205C203D16,0,10,1
4669,F205C203D18,0,10,1
4670,F205C203D20,0,10,1
4671,F305C203D22,0,10,1
4672,F305C203D25,0,10,1
4673,F305C203D28,0,10,1
4674,F305C203D32,0,10,1
4675,F305C203D36,0,10,1
4676,F305C203D40,0,10,1
4677,F305C203D45,0,10,1
4678,F305C203D50,0,10,1
4679,F305C303D56,0,10,1
4680,F305C303D63,0,10,1
4681,F305C303D71,0,10,1
4682,F305C303D80,0,10,1
4683,F305C303D90,0,10,1
4684,F305C303E10,0,10,1
4685,F305C303E11,0,10,1
4686,F305C303E13,0,10,1
4687,F305C303E14,0,10,1
4688,F305C303E16,0,10,1
4689,F305C303E18,0,10,1
4690,F305C303E20,0,10,1
4691,F305C303E22,0,10,1
4692,F305C303E25,0,10,1
4693,F305C303E28,0,10,1
4694,F305C303E32,0,10,1
4695,F305C303E36,0,10,1
4696,F305C303E40,0,10,1
4697,F305C303E45,0,10,1
4698,F305C303E50,0,10,1
4699,F305C303E56,0,10,1
4700,F305C303E63,0,10,1
4701,F305C303E71,0,10,1
4702,F305C303E80,0,10,1
4703,F306C203D16,0,10,1
4704,F306C203D18,0,10,1
4705,F306C203D20,0,10,1
4706,F306C203D22,0,10,1
4707,F306C203D25,0,10,1
4708,F306C203D28,0,10,1
4709,F306C203D32,0,10,1
4710,F306C203D36,0,10,1
4711,F306C203D40,0,10,1
4712,F306C203D45,0,10,1
4713,F306C203D50,0,10,1
4714,F306C303D56,0,10,1
4715,F306C303D63,0,10,1
4716,F306C303D71,0,10,1
4717,F306C303D80,0,10,1
4718,F306C303D90,0,10,1
4719,F306C303E10,0,10,1
4720,F306C303E11,0,10,1
4721,F306C303E13,0,10,1
4722,F306C303E14,0,10,1
4723,F306C303E16,0,10,1
4724,F306C303E18,0,10,1
4725,F306C303E20,0,10,1
4726,F306C303E22,0,10,1
4727,F306C303E25,0,10,1
4728,F306C303E28,0,10,1
4729,F306C303E32,0,10,1
4730,F306C303E36,0,10,1
4731,F306C303E40,0,10,1
4732,F306C303E45,0,10,1
4733,F306C303E50,0,10,1
4734,F306C303E56,0,10,1
4735,F306C303E63,0,10,1
4736,F306C303E71,0,10,1
4737,F306C303E80,0,10,1
4738,F207C203D16,0,10,1
4739,F207C203D18,0,10,1
4740,F207C203D20,0,10,1
4741,F307C203D22,0,10,1
4742,F307C203D25,0,10,1
4743,F307C203D28,0,10,1
4744,F307C203D32,0,10,1
4745,F307C203D36,0,10,1
4746,F307C203D40,0,10,1
4747,F307C203D45,0,10,1
4748,F307C203D50,0,10,1
4749,F307C303D56,0,10,1
4750,F307C303D63,0,10,1
4751,F307C303D71,0,10,1
4752,F307C303D80,0,10,1
4753,F307C303D90,0,10,1
4754,F307C303Е10,0,10,1
4755,F307C303E11,0,10,1
4756,F307C303E13,0,10,1
4757,F307C303E14,0,10,1
4758,F307C303E16,0,10,1
4759,F307C303E18,0,10,1
4760,F307C303E20,0,10,1
4761,F307C303E22,0,10,1
4762,F307C303E25,0,10,1
4763,F307C303E28,0,10,1
4764,F307C303E32,0,10,1
4765,F307C303E36,0,10,1
4766,F307C303E40,0,10,1
4767,F307C303E45,0,10,1
4768,F307C303E50,0,10,1
4769,F307C303E56,0,10,1
4770,F307C303E63,0,10,1
4771,F307C303E71,0,10,1
4772,F307C303E80,0,10,1
4773,F208C205D16,0,10,1
4774,F208C205D18,0,10,1
4775,F208C205D20,0,10,1
4776,F308C205D22,0,10,1
4777,F308C205D25,0,10,1
4778,F308C205D28,0,10,1
4779,F308C205D32,0,10,1
4780,F308C205D36,0,10,1
4781,F308C205D40,0,10,1
4782,F308C205D45,0,10,1
4783,F308C205D50,0,10,1
4784,F308C205D56,0,10,1
4785,F308C205D63,0,10,1
4786,F308C205D71,0,10,1
4787,F308C305D80,0,10,1
4788,F308C305D90,0,10,1
4789,F308C305Е10,0,10,1
4790,F308C305E11,0,10,1
4791,F308C305E13,0,10,1
4792,F308C305E14,0,10,1
4793,F308C305E16,0,10,1
4794,F308C305E18,0,10,1
4795,F308C305E20,0,10,1
4796,F308C305E22,0,10,1
4797,F308C305E25,0,10,1
4798,F308C305E28,0,10,1
4799,F308C305E32,0,10,1
4800,F308C305E36,0,10,1
4801,F308C305E40,0,10,1
4802,F308C305E45,0,10,1
4803,F308C305E50,0,10,1
4804,F308C305E56,0,10,1
4805,F308C305E63,0,10,1
4806,F308C305E71,0,10,1
4807,F308C305E80,0,10,1
4808,F308C305E90,0,10,1
4809,F308C305F10,0,10,1
4810,F308C305F11,0,10,1
4811,F308C305F13,0,10,1
4812,F209C205D16,0,10,1
4813,F209C205D18,0,10,1
4814,F209C205D20,0,10,1
4815,F309C205D22,0,10,1
4816,F309C205D25,0,10,1
4817,F309C205D28,0,10,1
4818,F309C205D32,0,10,1
4819,F309C205D36,0,10,1
4820,F309C205D40,0,10,1
4821,F309C205D45,0,10,1
4822,F309C205D50,0,10,1
4823,F309C205D56,0,10,1
4824,F309C205D63,0,10,1
4825,F309C205D71,0,10,1
4826,F309C305D80,0,10,1
4827,F309C305D90,0,10,1
4828,F309C305Е10,0,10,1
4829,F309C305E11,0,10,1
4830,F309C305E13,0,10,1
4831,F309C305E14,0,10,1
4832,F309C305E16,0,10,1
4833,F309C305E18,0,10,1
4834,F309C305E20,0,10,1
4835,F309C305E22,0,10,1
4836,F309C305E25,0,10,1
4837,F309C305E28,0,10,1
4838,F309C305E32,0,10,1
4839,F309C305E36,0,10,1
4840,F309C305E40,0,10,1
4841,F309C305E45,0,10,1
4842,F309C305E50,0,10,1
4843,F309C305E56,0,10,1
4844,F309C305E63,0,10,1
4845,F309C305E71,0,10,1
4846,F309C305E80,0,10,1
4847,F309C305E90,0,10,1
4848,F309C305F10,0,10,1
4849,F309C305F11,0,10,1
4850,F309C305F13,0,10,1
4851,F210C207D16,0,10,1
4852,F210C207D18,0,10,1
4853,F310C207D20,0,10,1
4854,F310C207D22,0,10,1
4855,F310C207D25,0,10,1
4856,F310C207D28,0,10,1
4857,F310C207D32,0,10,1
4858,F310C207D36,0,10,1
4859,F310C207D40,0,10,1
4860,F310C307D45,0,10,1
4861,F310C307D50,0,10,1
4862,F310C307D56,0,10,1
4863,F310C307D63,0,10,1
4864,F310C307D71,0,10,1
4865,F310C307D80,0,10,1
4866,F310C307D90,0,10,1
4867,F310C307Е10,0,10,1
4868,F310C307E11,0,10,1
4869,F310C307E13,0,10,1
4870,F310C307E14,0,10,1
4871,F310C307E16,0,10,1
4872,F310C307E18,0,10,1
4873,F310C307E20,0,10,1
4874,F310C307E22,0,10,1
4875,F310C307E25,0,10,1
4876,F310C307E28,0,10,1
4877,F310C307E32,0,10,1
4878,F310C307E36,0,10,1
4879,F310C307E40,0,10,1
4880,F310C307E45,0,10,1
4881,F310C307E50,0,10,1
4882,F310C307E56,0,10,1
4883,F310C307E63,0,10,1
4884,F310C307E71,0,10,1
4885,F310C307E80,0,10,1
4886,F310C307E90,0,10,1
4887,F310C307F10,0,10,1
4888,F310C307F11,0,10,1
4889,F310C307F13,0,10,1
4890,F310C307F14,0,10,1
4891,F310C307F16,0,10,1
4892,F212C208D16,0,10,1
4893,F212C208D18,0,10,1
4894,F212C208D20,0,10,1
4895,F312C207D22,0,10,1
4896,F312C207D25,0,10,1
4897,F312C207D28,0,10,1
4898,F312C207D32,0,10,1
4899,F312C207D36,0,10,1
4900,F312C207D40,0,10,1
4901,F312C307D45,0,10,1
4902,F312C307D50,0,10,1
4903,F312C307D56,0,10,1
4904,F312C307D63,0,10,1
4905,F312C307D71,0,10,1
4906,F312C307D80,0,10,1
4907,F312C307D90,0,10,1
4908,F312C307Е10,0,10,1
4909,F312C307E11,0,10,1
4910,F312C307E13,0,10,1
4911,F312C307E14,0,10,1
4912,F312C307E16,0,10,1
4913,F312C307E18,0,10,1
4914,F312C307E20,0,10,1
4915,F312C307E22,0,10,1
4916,F312C307E25,0,10,1
4917,F312C307E28,0,10,1
4918,F312C307E32,0,10,1
4919,F312C307E36,0,10,1
4920,F312C307E40,0,10,1
4921,F312C307E45,0,10,1
4922,F312C307E50,0,10,1
4923,F312C307E56,0,10,1
4924,F312C307E63,0,10,1
4925,F312C307E71,0,10,1
4926,F312C307E80,0,10,1
4927,F312C307E90,0,10,1
4928,F312C307F10,0,10,1
4929,F312C307F11,0,10,1
4930,F312C307F13,0,10,1
4931,F312C307F14,0,10,1
4932,F312C307F16,0,10,1
4933,F215C209D16,0,10,1
4934,F215C209D18,0,10,1
4935,F215C209D20,0,10,1
4936,F315C209D22,0,10,1
4937,F315C209D25,0,10,1
4938,F315C209D28,0,10,1
4939,F315C209D32,0,10,1
4940,F315C209D36,0,10,1
4941,F315C209D40,0,10,1
4942,F315C209D45,0,10,1
4943,F315C209D50,0,10,1
4944,F315C209D56,0,10,1
4945,F315C209D63,0,10,1
4946,F315C209D71,0,10,1
4947,F315C209D80,0,10,1
4948,F315C209D90,0,10,1
4949,F315C309Е10,0,10,1
4950,F315C309E11,0,10,1
4951,F315C309E13,0,10,1
4952,F315C309E14,0,10,1
4953,F315C309E16,0,10,1
4954,F315C309E18,0,10,1
4955,F315C309E20,0,10,1
4956,F315C309E22,0,10,1
4957,F315C309E25,0,10,1
4958,F315C309E28,0,10,1
4959,F315C309E32,0,10,1
4960,F315C309E36,0,10,1
4961,F315C309E40,0,10,1
4962,F315C309E45,0,10,1
4963,F315C309E50,0,10,1
4964,F315C309E56,0,10,1
4965,F315C309E63,0,10,1
4966,F315C309E71,0,10,1
4967,F315C309E80,0,10,1
4968,F315C309E90,0,10,1
4969,F315C309F10,0,10,1
4970,F315C309F11,0,10,1
4971,F315C309F13,0,10,1
4972,F315C309F14,0,10,1
4973,F315C309F16,0,10,1
4974,F315C309F18,0,10,1
4975,C200B32,0,10,1
4976,C200B36,0,10,1
4977,C200B40,0,10,1
4978,C200B45,0,10,1
4979,C200B50,0,10,1
4980,C200B56,0,10,1
4981,C200B63,0,10,1
4982,C200B71,0,10,1
4983,C200B80,0,10,1
4984,C200B90,0,10,1
4985,C200C10,0,10,1
4986,C200C11,0,10,1
4987,C200C13,0,10,1
4988,C300C14,0,10,1
4989,C300C16,0,10,1
4990,C300C18,0,10,1
4991,C300C20,0,10,1
4992,C300C22,0,10,1
4993,C300C25,0,10,1
4994,C300C28,0,10,1
4995,C300C32,0,10,1
4996,C300C36,0,10,1
4997,C300C40,0,10,1
4998,C300C45,0,10,1
4999,C300C50,0,10,1
5000,C300C56,0,10,1
5001,C300C63,0,10,1
5002,C300C71,0,10,1
5003,C201B36,0,10,1
5004,C201B40,0,10,1
5005,C201B45,0,10,1
5006,C201B50,0,10,1
5007,C201B56,0,10,1
5008,C201B63,0,10,1
5009,C201B71,0,10,1
5010,C201B80,0,10,1
5011,C201B90,0,10,1
5012,C201C10,0,10,1
5013,C201C11,0,10,1
5014,C201C13,0,10,1
5015,C301C14,0,10,1
5016,C301C16,0,10,1
5017,C301C18,0,10,1
5018,C301C20,0,10,1
5019,C301C22,0,10,1
5020,C301C25,0,10,1
5021,C301C28,0,10,1
5022,C301C32,0,10,1
5023,C301C36,0,10,1
5024,C301C40,0,10,1
5025,C301C45,0,10,1
5026,C301C50,0,10,1
5027,C301C56,0,10,1
5028,C301C63,0,10,1
5029,C301C71,0,10,1
5030,C301C80,0,10,1
5031,C301C90,0,10,1
5032,C203B40,0,10,1
5033,C203B45,0,10,1
5034,C203B50,0,10,1
5035,C203B56,0,10,1
5036,C203B63,0,10,1
5037,C203B71,0,10,1
5038,C203B80,0,10,1
5039,C203B90,0,10,1
5040,C203C10,0,10,1
5041,C203C11,0,10,1
5042,C203C13,0,10,1
5043,C203C14,0,10,1
5044,C303C16,0,10,1
5045,C303C18,0,10,1
5046,C303C20,0,10,1
5047,C303C22,0,10,1
5048,C303C25,0,10,1
5049,C303C28,0,10,1
5050,C303C32,0,10,1
5051,C303C36,0,10,1
5052,C303C40,0,10,1
5053,C303C45,0,10,1
5054,C303C50,0,10,1
5055,C303C56,0,10,1
5056,C303C63,0,10,1
5057,C303C71,0,10,1
5058,C303C80,0,10,1
5059,C303C90,0,10,1
5060,C204B40,0,10,1
5061,C204B45,0,10,1
5062,C204B50,0,10,1
5063,C204B56,0,10,1
5064,C204B63,0,10,1
5065,C204B71,0,10,1
5066,C204B80,0,10,1
5067,C204B90,0,10,1
5068,C204C10,0,10,1
5069,C204C11,0,10,1
5070,C204C13,0,10,1
5071,C204C14,0,10,1
5072,C204C16,0,10,1
5073,C204C18,0,10,1
5074,C304C20,0,10,1
5075,C304C22,0,10,1
5076,C304C25,0,10,1
5077,C304C28,0,10,1
5078,C304C32,0,10,1
5079,C304C36,0,10,1
5080,C304C40,0,10,1
5081,C304C45,0,10,1
5082,C304C50,0,10,1
5083,C304C56,0,10,1
5084,C304C63,0,10,1
5085,C304C71,0,10,1
5086,C304C80,0,10,1
5087,C304C90,0,10,1
5088,C304D10,0,10,1
5089,C304D11,0,10,1
5090,C304D13,0,10,1
5091,C205B45,0,10,1
5092,C205B50,0,10,1
5093,C205B56,0,10,1
5094,C205B63,0,10,1
5095,C205B71,0,10,1
5096,C205B80,0,10,1
5097,C205B90,0,10,1
5098,C205C10,0,10,1
5099,C205C11,0,10,1
5100,C205C13,0,10,1
5101,C205C14,0,10,1
5102,C205C16,0,10,1
5103,C205C18,0,10,1
5104,C205C20,0,10,1
5105,C305C22,0,10,1
5106,C305C25,0,10,1
5107,C305C28,0,10,1
5108,C305C32,0,10,1
5109,C305C36,0,10,1
5110,C305C40,0,10,1
5111,C305C45,0,10,1
5112,C305C50,0,10,1
5113,C305C56,0,10,1
5114,C305C63,0,10,1
5115,C305C71,0,10,1
5116,C305C80,0,10,1
5117,C305C90,0,10,1
5118,C305D10,0,10,1
5119,C305D11,0,10,1
5120,C305D13,0,10,1
5121,C305D14,0,10,1
5122,C206B45,0,10,1
5123,C206B50,0,10,1
5124,C206B56,0,10,1
5125,C206B63,0,10,1
5126,C206B71,0,10,1
5127,C206B80,0,10,1
5128,C206B90,0,10,1
5129,C206C10,0,10,1
5130,C206C11,0,10,1
5131,C206C13,0,10,1
5132,C206C14,0,10,1
5133,C206C16,0,10,1
5134,C206C18,0,10,1
5135,C206C20,0,10,1
5136,C206C22,0,10,1
5137,C306C25,0,10,1
5138,C306C28,0,10,1
5139,C306C32,0,10,1
5140,C306C36,0,10,1
5141,C306C40,0,10,1
5142,C306C45,0,10,1
5143,C306C50,0,10,1
5144,C306C56,0,10,1
5145,C306C63,0,10,1
5146,C306C71,0,10,1
5147,C306C80,0,10,1
5148,C306C90,0,10,1
5149,C306D10,0,10,1
5150,C306D11,0,10,1
5151,C306D13,0,10,1
5152,C306D14,0,10,1
5153,C306D16,0,10,1
5154,C207B40,0,10,1
5155,C207B45,0,10,1
5156,C207B50,0,10,1
5157,C207B56,0,10,1
5158,C207B63,0,10,1
5159,C207B71,0,10,1
5160,C207B80,0,10,1
5161,C207B90,0,10,1
5162,C207C10,0,10,1
5163,C207C11,0,10,1
5164,C307C13,0,10,1
5165,C307C14,0,10,1
5166,C307C16,0,10,1
5167,C307C18,0,10,1
5168,C307C20,0,10,1
5169,C307C22,0,10,1
5170,C307C25,0,10,1
5171,C307C28,0,10,1
5172,C307C32,0,10,1
5173,C307C36,0,10,1
5174,C307C40,0,10,1
5175,C307C45,0,10,1
5176,C307C50,0,10,1
5177,C307C56,0,10,1
5178,C307C63,0,10,1
5179,C307C71,0,10,1
5180,C307C80,0,10,1
5181,C307C90,0,10,1
5182,C307D10,0,10,1
5183,C307D11,0,10,1
5184,C307D13,0,10,1
5185,C307D14,0,10,1
5186,C307D16,0,10,1
5187,C307D18,0,10,1
5188,C208B45,0,10,1
5189,C208B50,0,10,1
5190,C208B56,0,10,1
5191,C208B63,0,10,1
5192,C208B71,0,10,1
5193,C208B80,0,10,1
5194,C208B90,0,10,1
5195,C208C10,0,10,1
5196,C208C11,0,10,1
5197,C208C13,0,10,1
5198,C208C14,0,10,1
5199,C208C16,0,10,1
5200,C208C18,0,10,1
5201,C308C20,0,10,1
5202,C308C22,0,10,1
5203,C308C25,0,10,1
5204,C308C28,0,10,1
5205,C308C32,0,10,1
5206,C308C36,0,10,1
5207,C308C40,0,10,1
5208,C308C45,0,10,1
5209,C308C50,0,10,1
5210,C308C56,0,10,1
5211,C308C63,0,10,1
5212,C308C71,0,10,1
5213,C308C80,0,10,1
5214,C308C90,0,10,1
5215,C308D10,0,10,1
5216,C308D11,0,10,1
5217,C308D13,0,10,1
5218,C308D14,0,10,1
5219,C308D16,0,10,1
5220,C308D18,0,10,1
5221,C308D20,0,10,1
5222,C209B40,0,10,1
5223,C209B45,0,10,1
5224,C209B50,0,10,1
5225,C209B56,0,10,1
5226,C209B63,0,10,1
5227,C209B71,0,10,1
5228,C209B80,0,10,1
5229,C209B90,0,10,1
5230,C209C10,0,10,1
5231,C209C11,0,10,1
5232,C209C13,0,10,1
5233,C209C14,0,10,1
5234,C209C16,0,10,1
5235,C209C18,0,10,1
5236,C209C20,0,10,1
5237,C209C22,0,10,1
5238,C209C25,0,10,1
5239,C309C28,0,10,1
5240,C309C32,0,10,1
5241,C309C36,0,10,1
5242,C309C40,0,10,1
5243,C309C45,0,10,1
5244,C309C50,0,10,1
5245,C309C56,0,10,1
5246,C309C63,0,10,1
5247,C309C71,0,10,1
5248,C309C80,0,10,1
5249,C309C90,0,10,1
5250,C309D10,0,10,1
5251,C309D11,0,10,1
5252,C309D13,0,10,1
5253,C309D14,0,10,1
5254,C309D16,0,10,1
5255,C309D18,0,10,1
5256,C309D20,0,10,1
5257,C309D22,0,10,1
5258,C309D25,0,10,1
5259,C309D28,0,10,1
5260,C210B40,0,10,1
5261,C210B45,0,10,1
5262,C210B50,0,10,1
5263,C210B56,0,10,1
5264,C210B63,0,10,1
5265,C210B71,0,10,1
5266,C210B80,0,10,1
5267,C210B90,0,10,1
5268,C210C10,0,10,1
5269,C210C11,0,10,1
5270,C210C13,0,10,1
5271,C210C14,0,10,1
5272,C210C16,0,10,1
5273,C210C18,0,10,1
5274,C210C20,0,10,1
5275,C210C22,0,10,1
5276,C310C25,0,10,1
5277,C310C28,0,10,1
5278,C310C32,0,10,1
5279,C310C36,0,10,1
5280,C310C40,0,10,1
5281,C310C45,0,10,1
5282,C310C50,0,10,1
5283,C310C56,0,10,1
5284,C310C63,0,10,1
5285,C310C71,0,10,1
5286,C310C80,0,10,1
5287,C310C90,0,10,1
5288,C310D10,0,10,1
5289,C310D11,0,10,1
5290,C310D13,0,10,1
5291,C310D14,0,10,1
5292,C310D16,0,10,1
5293,C310D18,0,10,1
5294,C310D20,0,10,1
5295,C310D22,0,10,1
5296,C212B45,0,10,1
5297,C212B50,0,10,1
5298,C212B56,0,10,1
5299,C212B63,0,10,1
5300,C212B71,0,10,1
5301,C212B80,0,10,1
5302,C212B90,0,10,1
5303,C212C10,0,10,1
5304,C212C11,0,10,1
5305,C212C13,0,10,1
5306,C212C14,0,10,1
5307,C212C16,0,10,1
5308,C212C18,0,10,1
5309,C312C20,0,10,1
5310,C312C22,0,10,1
5311,C312C25,0,10,1
5312,C312C28,0,10,1
5313,C312C32,0,10,1
5314,C312C36,0,10,1
5315,C312C40,0,10,1
5316,C312C45,0,10,1
5317,C312C50,0,10,1
5318,C312C56,0,10,1
5319,C312C63,0,10,1
5320,C312C71,0,10,1
5321,C312C80,0,10,1
5322,C312C90,0,10,1
5323,C312D10,0,10,1
5324,C312D11,0,10,1
5325,C312D13,0,10,1
5326,C312D14,0,10,1
5327,C312D16,0,10,1
5328,C312D18,0,10,1
5329,C312D20,0,10,1
5330,C312D22,0,10,1
5331,C312D25,0,10,1
5332,C312D28,0,10,1
5333,C213B40,0,10,1
5334,C213B45,0,10,1
5335,C213B50,0,10,1
5336,C213B56,0,10,1
5337,C213B63,0,10,1
5338,C213B71,0,10,1
5339,C213B80,0,10,1
5340,C213B90,0,10,1
5341,C213C10,0,10,1
5342,C213C11,0,10,1
5343,C213C13,0,10,1
5344,C213C14,0,10,1
5345,C213C16,0,10,1
5346,C213C18,0,10,1
5347,C213C20,0,10,1
5348,C213C22,0,10,1
5349,C313C25,0,10,1
5350,C313C28,0,10,1
5351,C313C32,0,10,1
5352,C313C36,0,10,1
5353,C313C40,0,10,1
5354,C313C45,0,10,1
5355,C313C50,0,10,1
5356,C313C56,0,10,1
5357,C313C63,0,10,1
5358,C313C71,0,10,1
5359,C313C80,0,10,1
5360,C313C90,0,10,1
5361,C313D10,0,10,1
5362,C313D11,0,10,1
5363,C313D13,0,10,1
5364,C313D14,0,10,1
5365,C313D16,0,10,1
5366,C313D18,0,10,1
5367,C313D20,0,10,1
5368,C313D22,0,10,1
5369,C214B40,0,10,1
5370,C214B45,0,10,1
5371,C214B50,0,10,1
5372,C214B56,0,10,1
5373,C214B63,0,10,1
5374,C214B71,0,10,1
5375,C214B80,0,10,1
5376,C214B90,0,10,1
5377,C214C10,0,10,1
5378,C214C11,0,10,1
5379,C214C13,0,10,1
5380,C214C14,0,10,1
5381,C214C16,0,10,1
5382,C214C18,0,10,1
5383,C214C20,0,10,1
5384,C214C22,0,10,1
5385,C214C25,0,10,1
5386,C314C28,0,10,1
5387,C314C32,0,10,1
5388,C314C36,0,10,1
5389,C314C40,0,10,1
5390,C314C45,0,10,1
5391,C314C50,0,10,1
5392,C314C56,0,10,1
5393,C314C63,0,10,1
5394,C314C71,0,10,1
5395,C314C80,0,10,1
5396,C314C90,0,10,1
5397,C314D10,0,10,1
5398,C314D11,0,10,1
5399,C314D13,0,10,1
5400,C314D14,0,10,1
5401,C314D16,0,10,1
5402,C314D18,0,10,1
5403,C314D20,0,10,1
5404,C314D22,0,10,1
5405,C314D25,0,10,1
5406,C314D28,0,10,1
5407,C316C28,0,10,1
5408,C316C32,0,10,1
5409,C316C36,0,10,1
5410,C316C40,0,10,1
5411,C316C45,0,10,1
5412,C316C50,0,10,1
5413,C316C56,0,10,1
5414,C316C63,0,10,1
5415,C316C71,0,10,1
5416,C316C80,0,10,1
5417,C316C90,0,10,1
5418,C316D10,0,10,1
5419,C316D11,0,10,1
5420,C316D13,0,10,1
5421,C316D14,0,10,1
5422,C316D16,0,10,1
5423,C316D18,0,10,1
5424,C316D20,0,10,1
5425,C316D22,0,10,1
5426,C203C201D10,0,10,1
5427,C203C201D11,0,10,1
5428,C203C201D13,0,10,1
5429,C203C201D14,0,10,1
5430,C203C201D16,0,10,1
5431,C203C301D18,0,10,1
5432,C203C301D20,0,10,1
5433,C203C301D22,0,10,1
5434,C303C201D25,0,10,1
5435,C303C201D28,0,10,1
5436,C303C201D32,0,10,1
5437,C303C201D36,0,10,1
5438,C303C201D40,0,10,1
5439,C303C201D45,0,10,1
5440,C303C301D50,0,10,1
5441,C303C301D56,0,10,1
5442,C303C301D63,0,10,1
5443,C303C301D71,0,10,1
5444,C303C301D80,0,10,1
5445,C303C301D90,0,10,1
5446,C303C301Е10,0,10,1
5447,C303C301E11,0,10,1
5448,C303C301E13,0,10,1
5449,C303C301E14,0,10,1
5450,C303C301E16,0,10,1
5451,C303C301E18,0,10,1
5452,C303C301E20,0,10,1
5453,C303C301E22,0,10,1
5454,C303C301E25,0,10,1
5455,C303C301E28,0,10,1
5456,C303C301E32,0,10,1
5457,C303C301E36,0,10,1
5458,C303C301E40,0,10,1
5459,C303C301E45,0,10,1
5460,C303C301E50,0,10,1
5461,C303C301E56,0,10,1
5462,C204C203D10,0,10,1
5463,C204C203D11,0,10,1
5464,C204C203D13,0,10,1
5465,C204C203D14,0,10,1
5466,C204C203D16,0,10,1
5467,C204C203D18,0,10,1
5468,C204C303D20,0,10,1
5469,C204C303D22,0,10,1
5470,C304C203D25,0,10,1
5471,C304C203D28,0,10,1
5472,C304C203D32,0,10,1
5473,C304C203D36,0,10,1
5474,C304C203D40,0,10,1
5475,C304C203D45,0,10,1
5476,C304C203D50,0,10,1
5477,C304C303D56,0,10,1
5478,C304C303D63,0,10,1
5479,C304C303D71,0,10,1
5480,C304C303D80,0,10,1
5481,C304C303D90,0,10,1
5482,C304C303Е10,0,10,1
5483,C304C303E11,0,10,1
5484,C304C303E13,0,10,1
5485,C304C303E14,0,10,1
5486,C304C303E16,0,10,1
5487,C304C303E18,0,10,1
5488,C304C303E20,0,10,1
5489,C304C303E22,0,10,1
5490,C304C303E25,0,10,1
5491,C304C303E28,0,10,1
5492,C304C303E32,0,10,1
5493,C304C303E36,0,10,1
5494,C304C303E40,0,10,1
5495,C304C303E45,0,10,1
5496,C304C303E50,0,10,1
5497,C304C303E56,0,10,1
5498,C304C303E63,0,10,1
5499,C304C303E71,0,10,1
5500,C304C303E80,0,10,1
5501,C205C203D10,0,10,1
5502,C205C203D11,0,10,1
5503,C205C203D13,0,10,1
5504,C205C203D14,0,10,1
5505,C205C203D16,0,10,1
5506,C205C203D18,0,10,1
5507,C205C303D20,0,10,1
5508,C205C303D22,0,10,1
5509,C305C203D25,0,10,1
5510,C305C203D28,0,10,1
5511,C305C203D32,0,10,1
5512,C305C203D36,0,10,1
5513,C305C203D40,0,10,1
5514,C305C203D45,0,10,1
5515,C305C203D50,0,10,1
5516,C305C303D56,0,10,1
5517,C305C303D63,0,10,1
5518,C305C303D71,0,10,1
5519,C305C303D80,0,10,1
5520,C305C303D90,0,10,1
5521,C305C303Е10,0,10,1
5522,C305C303E11,0,10,1
5523,C305C303E13,0,10,1
5524,C305C303E14,0,10,1
5525,C305C303E16,0,10,1
5526,C305C303E18,0,10,1
5527,C305C303E20,0,10,1
5528,C305C303E22,0,10,1
5529,C305C303E25,0,10,1
5530,C305C303E28,0,10,1
5531,C305C303E32,0,10,1
5532,C305C303E36,0,10,1
5533,C305C303E40,0,10,1
5534,C305C303E45,0,10,1
5535,C305C303E50,0,10,1
5536,C305C303E56,0,10,1
5537,C305C303E63,0,10,1
5538,C305C303E71,0,10,1
5539,C305C303E80,0,10,1
5540,C206C203D10,0,10,1
5541,C206C203D11,0,10,1
5542,C206C203D13,0,10,1
5543,C206C203D14,0,10,1
5544,C206C203D16,0,10,1
5545,C206C203D18,0,10,1
5546,C206C303D20,0,10,1
5547,C206C303D22,0,10,1
5548,C306C203D25,0,10,1
5549,C306C203D28,0,10,1
5550,C306C203D32,0,10,1
5551,C306C203D36,0,10,1
5552,C306C203D40,0,10,1
5553,C306C203D45,0,10,1
5554,C306C203D50,0,10,1
5555,C306C303D56,0,10,1
5556,C306C303D63,0,10,1
5557,C306C303D71,0,10,1
5558,C306C303D80,0,10,1
5559,C306C303D90,0,10,1
5560,C306C303Е10,0,10,1
5561,C306C303E11,0,10,1
5562,C306C303E13,0,10,1
5563,C306C303E14,0,10,1
5564,C306C303E16,0,10,1
5565,C306C303E18,0,10,1
5566,C306C303E20,0,10,1
5567,C306C303E22,0,10,1
5568,C306C303E25,0,10,1
5569,C306C303E28,0,10,1
5570,C306C303E32,0,10,1
5571,C306C303E36,0,10,1
5572,C306C303E40,0,10,1
5573,C306C303E45,0,10,1
5574,C306C303E50,0,10,1
5575,C306C303E56,0,10,1
5576,C306C303E63,0,10,1
5577,C306C303E71,0,10,1
5578,C306C303E80,0,10,1
5579,C307C203D10,0,10,1
5580,C307C203D11,0,10,1
5581,C307C203D13,0,10,1
5582,C307C203D14,0,10,1
5583,C307C203D16,0,10,1
5584,C307C203D18,0,10,1
5585,C307C203D25,0,10,1
5586,C307C203D28,0,10,1
5587,C307C203D32,0,10,1
5588,C307C203D36,0,10,1
5589,C307C203D40,0,10,1
5590,C307C203D45,0,10,1
5591,C307C203D50,0,10,1
5592,C307C303D20,0,10,1
5593,C307C303D22,0,10,1
5594,C307C303D56,0,10,1
5595,C307C303D63,0,10,1
5596,C307C303D71,0,10,1
5597,C307C303D80,0,10,1
5598,C307C303D90,0,10,1
5599,C307C303Е10,0,10,1
5600,C307C303E11,0,10,1
5601,C307C303E13,0,10,1
5602,C307C303E14,0,10,1
5603,C307C303E16,0,10,1
5604,C307C303E18,0,10,1
5605,C307C303E20,0,10,1
5606,C307C303E22,0,10,1
5607,C307C303E25,0,10,1
5608,C307C303E28,0,10,1
5609,C307C303E32,0,10,1
5610,C307C303E36,0,10,1
5611,C307C303E40,0,10,1
5612,C307C303E45,0,10,1
5613,C307C303E50,0,10,1
5614,C307C303E56,0,10,1
5615,C307C303E63,0,10,1
5616,C307C303E71,0,10,1
5617,C307C303E80,0,10,1
5618,C208C205D10,0,10,1
5619,C208C205D11,0,10,1
5620,C208C205D13,0,10,1
5621,C208C205D14,0,10,1
5622,C208C205D16,0,10,1
5623,C208C205D18,0,10,1
5624,C208C205D20,0,10,1
5625,C208C205D22,0,10,1
5626,C308C205D25,0,10,1
5627,C308C205D28,0,10,1
5628,C308C205D32,0,10,1
5629,C308C205D36,0,10,1
5630,C308C205D40,0,10,1
5631,C308C205D45,0,10,1
5632,C308C205D50,0,10,1
5633,C308C205D56,0,10,1
5634,C308C205D63,0,10,1
5635,C308C205D71,0,10,1
5636,C308C305D80,0,10,1
5637,C308C305D90,0,10,1
5638,C308C305Е10,0,10,1
5639,C308C305E11,0,10,1
5640,C308C305E13,0,10,1
5641,C308C305E14,0,10,1
5642,C308C305E16,0,10,1
5643,C308C305E18,0,10,1
5644,C308C305E20,0,10,1
5645,C308C305E22,0,10,1
5646,C308C305E25,0,10,1
5647,C308C305E28,0,10,1
5648,C308C305E32,0,10,1
5649,C308C305E36,0,10,1
5650,C308C305E40,0,10,1
5651,C308C305E45,0,10,1
5652,C308C305E50,0,10,1
5653,C308C305E56,0,10,1
5654,C308C305E63,0,10,1
5655,C308C305E71,0,10,1
5656,C308C305E80,0,10,1
5657,C308C305E90,0,10,1
5658,C308C305F10,0,10,1
5659,C308C305F11,0,10,1
5660,C308C305F13,0,10,1
5661,C209C205D10,0,10,1
5662,C209C205D11,0,10,1
5663,C209C205D13,0,10,1
5664,C209C205D14,0,10,1
5665,C209C205D16,0,10,1
5666,C209C205D18,0,10,1
5667,C209C205D20,0,10,1
5668,C209C205D22,0,10,1
5669,C309C205D25,0,10,1
5670,C309C205D28,0,10,1
5671,C309C205D32,0,10,1
5672,C309C205D36,0,10,1
5673,C309C205D40,0,10,1
5674,C309C205D45,0,10,1
5675,C309C205D50,0,10,1
5676,C309C205D56,0,10,1
5677,C309C205D63,0,10,1
5678,C309C205D71,0,10,1
5679,C309C305D80,0,10,1
5680,C309C305D90,0,10,1
5681,C309C305Е10,0,10,1
5682,C309C305E11,0,10,1
5683,C309C305E13,0,10,1
5684,C309C305E14,0,10,1
5685,C309C305E16,0,10,1
5686,C309C305E18,0,10,1
5687,C309C305E20,0,10,1
5688,C309C305E22,0,10,1
5689,C309C305E25,0,10,1
5690,C309C305E28,0,10,1
5691,C309C305E32,0,10,1
5692,C309C305E36,0,10,1
5693,C309C305E40,0,10,1
5694,C309C305E45,0,10,1
5695,C309C305E50,0,10,1
5696,C309C305E56,0,10,1
5697,C309C305E63,0,10,1
5698,C309C305E71,0,10,1
5699,C309C305E80,0,10,1
5700,C309C305E90,0,10,1
5701,C309C305F10,0,10,1
5702,C309C305F11,0,10,1
5703,C309C305F13,0,10,1
5704,C210C207D10,0,10,1
5705,C210C207D11,0,10,1
5706,C210C207D13,0,10,1
5707,C210C207D14,0,10,1
5708,C210C307D16,0,10,1
5709,C210C307D18,0,10,1
5710,C210C307D20,0,10,1
5711,C210C307D22,0,10,1
5712,C310C207D25,0,10,1
5713,C310C207D28,0,10,1
5714,C310C207D32,0,10,1
5715,C310C207D36,0,10,1
5716,C310C207D40,0,10,1
5717,C310C307D45,0,10,1
5718,C310C307D50,0,10,1
5719,C310C307D56,0,10,1
5720,C310C307D63,0,10,1
5721,C310C307D71,0,10,1
5722,C310C307D80,0,10,1
5723,C310C307D90,0,10,1
5724,C310C307Е10,0,10,1
5725,C310C307E11,0,10,1
5726,C310C307E13,0,10,1
5727,C310C307E14,0,10,1
5728,C310C307E16,0,10,1
5729,C310C307E18,0,10,1
5730,C310C307E20,0,10,1
5731,C310C307E22,0,10,1
5732,C310C307E25,0,10,1
5733,C310C307E28,0,10,1
5734,C310C307E32,0,10,1
5735,C310C307E36,0,10,1
5736,C310C307E40,0,10,1
5737,C310C307E45,0,10,1
5738,C310C307E50,0,10,1
5739,C310C307E56,0,10,1
5740,C310C307E63,0,10,1
5741,C310C307E71,0,10,1
5742,C310C307E80,0,10,1
5743,C310C307E90,0,10,1
5744,C310C307F10,0,10,1
5745,C310C307F11,0,10,1
5746,C310C307F13,0,10,1
5747,C310C307F14,0,10,1
5748,C310C307F16,0,10,1
5749,C213C207D10,0,10,1
5750,C213C207D11,0,10,1
5751,C213C207D13,0,10,1
5752,C213C207D14,0,10,1
5753,C213C307D16,0,10,1
5754,C213C307D18,0,10,1
5755,C213C307D20,0,10,1
5756,C213C307D22,0,10,1
5757,C313C207D25,0,10,1
5758,C313C207D28,0,10,1
5759,C313C207D32,0,10,1
5760,C313C207D36,0,10,1
5761,C313C207D40,0,10,1
5762,C313C307D45,0,10,1
5763,C313C307D50,0,10,1
5764,C313C307D56,0,10,1
5765,C313C307D63,0,10,1
5766,C313C307D71,0,10,1
5767,C313C307D80,0,10,1
5768,C313C307D90,0,10,1
5769,C313C307Е10,0,10,1
5770,C313C307E11,0,10,1
5771,C313C307E13,0,10,1
5772,C313C307E14,0,10,1
5773,C313C307E16,0,10,1
5774,C313C307E18,0,10,1
5775,C313C307E20,0,10,1
5776,C313C307E22,0,10,1
5777,C313C307E25,0,10,1
5778,C313C307E28,0,10,1
5779,C313C307E32,0,10,1
5780,C313C307E36,0,10,1
5781,C313C307E40,0,10,1
5782,C313C307E45,0,10,1
5783,C313C307E50,0,10,1
5784,C313C307E56,0,10,1
5785,C313C307E63,0,10,1
5786,C313C307E71,0,10,1
5787,C313C307E80,0,10,1
5788,C313C307E90,0,10,1
5789,C313C307F10,0,10,1
5790,C313C307F11,0,10,1
5791,C313C307F13,0,10,1
5792,C313C307F14,0,10,1
5793,C313C307F16,0,10,1
5794,C214C208D10,0,10,1
5795,C214C208D11,0,10,1
5796,C214C208D13,0,10,1
5797,C214C208D14,0,10,1
5798,C214C208D16,0,10,1
5799,C214C208D18,0,10,1
5800,C214C208D20,0,10,1
5801,C214C208D22,0,10,1
5802,C314C207D25,0,10,1
5803,C314C207D28,0,10,1
5804,C314C207D32,0,10,1
5805,C314C207D36,0,10,1
5806,C314C207D40,0,10,1
5807,C314C307D45,0,10,1
5808,C314C307D50,0,10,1
5809,C314C307D56,0,10,1
5810,C314C307D63,0,10,1
5811,C314C307D71,0,10,1
5812,C314C307D80,0,10,1
5813,C314C307D90,0,10,1
5814,C314C307Е10,0,10,1
5815,C314C307E11,0,10,1
5816,C314C307E13,0,10,1
5817,C314C307E14,0,10,1
5818,C314C307E16,0,10,1
5819,C314C307E18,0,10,1
5820,C314C307E20,0,10,1
5821,C314C307E22,0,10,1
5822,C314C307E25,0,10,1
5823,C314C307E28,0,10,1
5824,C314C307E32,0,10,1
5825,C314C307E36,0,10,1
5826,C314C307E40,0,10,1
5827,C314C307E45,0,10,1
5828,C314C307E50,0,10,1
5829,C314C307E56,0,10,1
5830,C314C307E63,0,10,1
5831,C314C307E71,0,10,1
5832,C314C307E80,0,10,1
5833,C314C307E90,0,10,1
5834,C314C307F10,0,10,1
5835,C314C307F11,0,10,1
5836,C314C307F13,0,10,1
5837,C314C307F14,0,10,1
5838,C314C307F16,0,10,1
5839,C216C210D10,0,10,1
5840,C216C210D11,0,10,1
5841,C216C210D13,0,10,1
5842,C216C210D14,0,10,1
5843,C216C210D16,0,10,1
5844,C216C210D18,0,10,1
5845,C216C210D20,0,10,1
5846,C216C210D22,0,10,1
5847,C316C209D25,0,10,1
5848,C316C209D28,0,10,1
5849,C316C209D32,0,10,1
5850,C316C209D36,0,10,1
5851,C316C209D40,0,10,1
5852,C316C209D45,0,10,1
5853,C316C209D50,0,10,1
5854,C316C209D56,0,10,1
5855,C316C209D63,0,10,1
5856,C316C209D71,0,10,1
5857,C316C209D80,0,10,1
5858,C316C209D90,0,10,1
5859,C316C309Е10,0,10,1
5860,C316C309E11,0,10,1
5861,C316C309E13,0,10,1
5862,C316C309E14,0,10,1
5863,C316C309E16,0,10,1
5864,C316C309E18,0,10,1
5865,C316C309E20,0,10,1
5866,C316C309E22,0,10,1
5867,C316C309E25,0,10,1
5868,C316C309E28,0,10,1
5869,C316C309E32,0,10,1
5870,C316C309E36,0,10,1
5871,C316C309E40,0,10,1
5872,C316C309E45,0,10,1
5873,C316C309E50,0,10,1
5874,C316C309E56,0,10,1
5875,C316C309E63,0,10,1
5876,C316C309E71,0,10,1
5877,C316C309E80,0,10,1
5878,C316C309E90,0,10,1
5879,C316C309F10,0,10,1
5880,C316C309F11,0,10,1
5881,C316C309F13,0,10,1
5882,C316C309F14,0,10,1
5883,C316C309F16,0,10,1
5884,C316C309F18,0,10,1
5885,S203B71,0,10,1
5886,S203B80,0,10,1
5887,S203B90,0,10,1
5888,S203C10,0,10,1
5889,S203C11,0,10,1
5890,S203C13,0,10,1
5891,S203C14,0,10,1
5892,S203C16,0,10,1
5893,S203C18,0,10,1
5894,S203C20,0,10,1
5895,S203C22,0,10,1
5896,S203C25,0,10,1
5897,S203C28,0,10,1
5898,S203C32,0,10,1
5899,S203C36,0,10,1
5900,S203C40,0,10,1
5901,S203C45,0,10,1
5902,S203C50,0,10,1
5903,S203C56,0,10,1
5904,S203C63,0,10,1
5905,S203C71,0,10,1
5906,S203C80,0,10,1
5907,S203C90,0,10,1
5908,S203D10,0,10,1
5909,S203D11,0,10,1
5910,S203D13,0,10,1
5911,S203D14,0,10,1
5912,S203D16,0,10,1
5913,S203D18,0,10,1
5914,S204B71,0,10,1
5915,S204B80,0,10,1
5916,S204B90,0,10,1
5917,S204C10,0,10,1
5918,S204C11,0,10,1
5919,S204C13,0,10,1
5920,S204C14,0,10,1
5921,S204C16,0,10,1
5922,S204C18,0,10,1
5923,S204C20,0,10,1
5924,S204C22,0,10,1
5925,S204C25,0,10,1
5926,S204C28,0,10,1
5927,S204C32,0,10,1
5928,S204C36,0,10,1
5929,S204C40,0,10,1
5930,S204C45,0,10,1
5931,S204C50,0,10,1
5932,S204C56,0,10,1
5933,S204C63,0,10,1
5934,S204C71,0,10,1
5935,S204C80,0,10,1
5936,S204C90,0,10,1
5937,S204D10,0,10,1
5938,S204D11,0,10,1
5939,S204D13,0,10,1
5940,S204D14,0,10,1
5941,S204D16,0,10,1
5942,S204D18,0,10,1
5943,S204D20,0,10,1
5944,S204D22,0,10,1
5945,S205B80,0,10,1
5946,S205B90,0,10,1
5947,S205C10,0,10,1
5948,S205C11,0,10,1
5949,S205C13,0,10,1
5950,S205C14,0,10,1
5951,S205C16,0,10,1
5952,S205C18,0,10,1
5953,S205C20,0,10,1
5954,S205C22,0,10,1
5955,S205C25,0,10,1
5956,S205C28,0,10,1
5957,S205C32,0,10,1
5958,S205C36,0,10,1
5959,S205C40,0,10,1
5960,S205C45,0,10,1
5961,S205C50,0,10,1
5962,S205C56,0,10,1
5963,S205C63,0,10,1
5964,S205C71,0,10,1
5965,S205C80,0,10,1
5966,S205C90,0,10,1
5967,S205D10,0,10,1
5968,S205D11,0,10,1
5969,S205D13,0,10,1
5970,S205D14,0,10,1
5971,S205D16,0,10,1
5972,S205D18,0,10,1
5973,S205D20,0,10,1
5974,S205D22,0,10,1
5975,S206B71,0,10,1
5976,S206B80,0,10,1
5977,S206B90,0,10,1
5978,S206C10,0,10,1
5979,S206C11,0,10,1
5980,S206C13,0,10,1
5981,S206C14,0,10,1
5982,S206C16,0,10,1
5983,S206C18,0,10,1
5984,S206C20,0,10,1
5985,S206C22,0,10,1
5986,S206C25,0,10,1
5987,S206C28,0,10,1
5988,S206C32,0,10,1
5989,S206C36,0,10,1
5990,S206C40,0,10,1
5991,S206C45,0,10,1
5992,S206C50,0,10,1
5993,S206C56,0,10,1
5994,S206C63,0,10,1
5995,S206C71,0,10,1
5996,S206C80,0,10,1
5997,S206C90,0,10,1
5998,S206D10,0,10,1
5999,S206D11,0,10,1
6000,S206D13,0,10,1
6001,S206D14,0,10,1
6002,S206D16,0,10,1
6003,S206D18,0,10,1
6004,S206D20,0,10,1
6005,S206D22,0,10,1
6006,S206D25,0,10,1
6007,S206D28,0,10,1
6008,S206D32,0,10,1
6009,S207B80,0,10,1
6010,S207B90,0,10,1
6011,S207C10,0,10,1
6012,S207C11,0,10,1
6013,S207C13,0,10,1
6014,S207C14,0,10,1
6015,S207C16,0,10,1
6016,S207C18,0,10,1
6017,S207C20,0,10,1
6018,S207C22,0,10,1
6019,S207C25,0,10,1
6020,S207C28,0,10,1
6021,S207C32,0,10,1
6022,S207C36,0,10,1
6023,S207C40,0,10,1
6024,S207C45,0,10,1
6025,S207C50,0,10,1
6026,S207C56,0,10,1
6027,S207C63,0,10,1
6028,S207C71,0,10,1
6029,S207C80,0,10,1
6030,S207C90,0,10,1
6031,S207D10,0,10,1
6032,S207D11,0,10,1
6033,S207D13,0,10,1
6034,S207D14,0,10,1
6035,S207D16,0,10,1
6036,S207D18,0,10,1
6037,S207D20,0,10,1
6038,S207D22,0,10,1
6039,S207D25,0,10,1
6040,S207D28,0,10,1
6041,S207D32,0,10,1
6042,S207D36,0,10,1
6043,S208C10,0,10,1
6044,S208C11,0,10,1
6045,S208C13,0,10,1
6046,S208C14,0,10,1
6047,S208C16,0,10,1
6048,S208C18,0,10,1
6049,S208C20,0,10,1
6050,S208C22,0,10,1
6051,S208C25,0,10,1
6052,S208C28,0,10,1
6053,S208C32,0,10,1
6054,S208C36,0,10,1
6055,S208C40,0,10,1
6056,S208C45,0,10,1
6057,S208C50,0,10,1
6058,S208C56,0,10,1
6059,S208C63,0,10,1
6060,S208C71,0,10,1
6061,S208C80,0,10,1
6062,S208C90,0,10,1
6063,S208D10,0,10,1
6064,S208D11,0,10,1
6065,S208D13,0,10,1
6066,S208D14,0,10,1
6067,S208D16,0,10,1
6068,S208D18,0,10,1
6069,S208D20,0,10,1
6070,S208D22,0,10,1
6071,S208D25,0,10,1
6072,S208D28,0,10,1
6073,S208D32,0,10,1
6074,S208D36,0,10,1
6075,S208D40,0,10,1
6076,S208D45,0,10,1
6077,S208D50,0,10,1
6078,S209C18,0,10,1
6079,S209C20,0,10,1
6080,S209C22,0,10,1
6081,S209C25,0,10,1
6082,S209C28,0,10,1
6083,S209C32,0,10,1
6084,S209C36,0,10,1
6085,S209C40,0,10,1
6086,S209C45,0,10,1
6087,S209C50,0,10,1
6088,S209C56,0,10,1
6089,S209C63,0,10,1
6090,S209C71,0,10,1
6091,S209C80,0,10,1
6092,S209C90,0,10,1
6093,S209D10,0,10,1
6094,S209D11,0,10,1
6095,S209D13,0,10,1
6096,S209D14,0,10,1
6097,S209D16,0,10,1
6098,S209D18,0,10,1
6099,S209D20,0,10,1
6100,S209D22,0,10,1
6101,S209D25,0,10,1
6102,S209D28,0,10,1
6103,S209D32,0,10,1
6104,S209D36,0,10,1
6105,S209D40,0,10,1
6106,S209D45,0,10,1
6107,S209D50,0,10,1
6108,S210C18,0,10,1
6109,S210C20,0,10,1
6110,S210C22,0,10,1
6111,S210C25,0,10,1
6112,S210C28,0,10,1
6113,S210C32,0,10,1
6114,S210C36,0,10,1
6115,S210C40,0,10,1
6116,S210C45,0,10,1
6117,S210C50,0,10,1
6118,S210C56,0,10,1
6119,S210C63,0,10,1
6120,S210C71,0,10,1
6121,S210C80,0,10,1
6122,S210C90,0,10,1
6123,S210D10,0,10,1
6124,S210D11,0,10,1
6125,S210D13,0,10,1
6126,S210D14,0,10,1
6127,S210D16,0,10,1
6128,S210D18,0,10,1
6129,S210D20,0,10,1
6130,S210D22,0,10,1
6131,S210D25,0,10,1
6132,S210D28,0,10,1
6133,S210D32,0,10,1
6134,S210D36,0,10,1
6135,S210D40,0,10,1
6136,S212C18,0,10,1
6137,S212C20,0,10,1
6138,S212C22,0,10,1
6139,S212C25,0,10,1
6140,S212C28,0,10,1
6141,S212C32,0,10,1
6142,S212C36,0,10,1
6143,S212C40,0,10,1
6144,S212C45,0,10,1
6145,S212C50,0,10,1
6146,S212C56,0,10,1
6147,S212C63,0,10,1
6148,S212C71,0,10,1
6149,S212C80,0,10,1
6150,S212C90,0,10,1
6151,S212D10,0,10,1
6152,S212D11,0,10,1
6153,S212D13,0,10,1
6154,S212D14,0,10,1
6155,S212D16,0,10,1
6156,S212D18,0,10,1
6157,S212D20,0,10,1
6158,S212D22,0,10,1
6159,S212D25,0,10,1
6160,S212D28,0,10,1
6161,S212D32,0,10,1
6162,S212D36,0,10,1
6163,S212D40,0,10,1
6164,S212D45,0,10,1
6165,S203C201D20,0,10,1
6166,S203C201D22,0,10,1
6167,S203C201D25,0,10,1
6168,S203C201D28,0,10,1
6169,S203C201D32,0,10,1
6170,S203C201D36,0,10,1
6171,S203C201D40,0,10,1
6172,S203C201D45,0,10,1
6173,S203C301D50,0,10,1
6174,S203C301D56,0,10,1
6175,S203C301D63,0,10,1
6176,S203C301D71,0,10,1
6177,S203C301D80,0,10,1
6178,S203C301D90,0,10,1
6179,S203C301Е10,0,10,1
6180,S203C301E11,0,10,1
6181,S203C301E13,0,10,1
6182,S203C301E14,0,10,1
6183,S203C301E16,0,10,1
6184,S203C301E18,0,10,1
6185,S203C301E20,0,10,1
6186,S203C301E22,0,10,1
6187,S203C301E25,0,10,1
6188,S203C301E28,0,10,1
6189,S203C301E32,0,10,1
6190,S203C301E36,0,10,1
6191,S203C301E40,0,10,1
6192,S203C301E45,0,10,1
6193,S203C301E50,0,10,1
6194,S203C301E56,0,10,1
6195,S204C201D20,0,10,1
6196,S204C201D22,0,10,1
6197,S204C201D25,0,10,1
6198,S204C201D28,0,10,1
6199,S204C201D32,0,10,1
6200,S204C201D36,0,10,1
6201,S204C201D40,0,10,1
6202,S204C201D45,0,10,1
6203,S204C301D50,0,10,1
6204,S204C301D56,0,10,1
6205,S204C301D63,0,10,1
6206,S204C301D71,0,10,1
6207,S204C301D80,0,10,1
6208,S204C301D90,0,10,1
6209,S204C301Е10,0,10,1
6210,S204C301E11,0,10,1
6211,S204C301E13,0,10,1
6212,S204C301E14,0,10,1
6213,S204C301E16,0,10,1
6214,S204C301E18,0,10,1
6215,S204C301E20,0,10,1
6216,S204C301E22,0,10,1
6217,S204C301E25,0,10,1
6218,S204C301E28,0,10,1
6219,S204C301E32,0,10,1
6220,S204C301E36,0,10,1
6221,S204C301E40,0,10,1
6222,S204C301E45,0,10,1
6223,S204C301E50,0,10,1
6224,S204C301E56,0,10,1
6225,S205C203D20,0,10,1
6226,S205C203D22,0,10,1
6227,S205C203D25,0,10,1
6228,S205C203D28,0,10,1
6229,S205C203D32,0,10,1
6230,S205C203D36,0,10,1
6231,S205C203D40,0,10,1
6232,S205C203D45,0,10,1
6233,S205C203D50,0,10,1
6234,S205C303D56,0,10,1
6235,S205C303D63,0,10,1
6236,S205C303D71,0,10,1
6237,S205C303D80,0,10,1
6238,S205C303D90,0,10,1
6239,S205C303Е10,0,10,1
6240,S205C303E11,0,10,1
6241,S205C303E13,0,10,1
6242,S205C303E14,0,10,1
6243,S205C303E16,0,10,1
6244,S205C303E18,0,10,1
6245,S205C303E20,0,10,1
6246,S205C303E22,0,10,1
6247,S205C303E25,0,10,1
6248,S205C303E28,0,10,1
6249,S205C303E32,0,10,1
6250,S205C303E36,0,10,1
6251,S205C303E40,0,10,1
6252,S205C303E45,0,10,1
6253,S205C303E50,0,10,1
6254,S205C303E56,0,10,1
6255,S205C303E63,0,10,1
6256,S205C303E71,0,10,1
6257,S205C303E80,0,10,1
6258,S205C303E90,0,10,1
6259,S205C303F10,0,10,1
6260,S205C303F11,0,10,1
6261,S205C303F13,0,10,1
6262,S205C303F14,0,10,1
6263,S206C203D20,0,10,1
6264,S206C203D22,0,10,1
6265,S206C203D25,0,10,1
6266,S206C203D28,0,10,1
6267,S206C203D32,0,10,1
6268,S206C203D36,0,10,1
6269,S206C203D40,0,10,1
6270,S206C203D45,0,10,1
6271,S206C203D50,0,10,1
6272,S206C303D56,0,10,1
6273,S206C303D63,0,10,1
6274,S206C303D71,0,10,1
6275,S206C303D80,0,10,1
6276,S206C303D90,0,10,1
6277,S206C303Е10,0,10,1
6278,S206C303E11,0,10,1
6279,S206C303E13,0,10,1
6280,S206C303E14,0,10,1
6281,S206C303E16,0,10,1
6282,S206C303E18,0,10,1
6283,S206C303E20,0,10,1
6284,S206C303E22,0,10,1
6285,S206C303E25,0,10,1
6286,S206C303E28,0,10,1
6287,S206C303E32,0,10,1
6288,S206C303E36,0,10,1
6289,S206C303E40,0,10,1
6290,S206C303E45,0,10,1
6291,S206C303E50,0,10,1
6292,S206C303E56,0,10,1
6293,S206C303E63,0,10,1
6294,S206C303E71,0,10,1
6295,S206C303E80,0,10,1
6296,S206C303E90,0,10,1
6297,S206C303F10,0,10,1
6298,S206C303F11,0,10,1
6299,S206C303F13,0,10,1
6300,S206C303F14,0,10,1
6301,S207C203D20,0,10,1
6302,S207C203D22,0,10,1
6303,S207C203D25,0,10,1
6304,S207C203D28,0,10,1
6305,S207C203D32,0,10,1
6306,S207C203D36,0,10,1
6307,S207C203D40,0,10,1
6308,S207C203D45,0,10,1
6309,S207C203D50,0,10,1
6310,S207C303D56,0,10,1
6311,S207C303D63,0,10,1
6312,S207C303D71,0,10,1
6313,S207C303D80,0,10,1
6314,S207C303D90,0,10,1
6315,S207C303Е10,0,10,1
6316,S207C303E11,0,10,1
6317,S207C303E13,0,10,1
6318,S207C303E14,0,10,1
6319,S207C303E16,0,10,1
6320,S207C303E18,0,10,1
6321,S207C303E20,0,10,1
6322,S207C303E22,0,10,1
6323,S207C303E25,0,10,1
6324,S207C303E28,0,10,1
6325,S207C303E32,0,10,1
6326,S207C303E36,0,10,1
6327,S207C303E40,0,10,1
6328,S207C303E45,0,10,1
6329,S207C303E50,0,10,1
6330,S207C303E56,0,10,1
6331,S207C303E63,0,10,1
6332,S207C303E71,0,10,1
6333,S207C303E80,0,10,1
6334,S207C303E90,0,10,1
6335,S207C303F10,0,10,1
6336,S207C303F11,0,10,1
6337,S207C303F13,0,10,1
6338,S207C303F14,0,10,1
6339,S208C205D20,0,10,1
6340,S208C205D22,0,10,1
6341,S208C205D25,0,10,1
6342,S208C205D28,0,10,1
6343,S208C205D32,0,10,1
6344,S208C205D36,0,10,1
6345,S208C205D40,0,10,1
6346,S208C205D45,0,10,1
6347,S208C205D50,0,10,1
6348,S208C205D56,0,10,1
6349,S208C205D63,0,10,1
6350,S208C205D71,0,10,1
6351,S208C305D80,0,10,1
6352,S208C305D90,0,10,1
6353,S208C305Е10,0,10,1
6354,S208C305E11,0,10,1
6355,S208C305E13,0,10,1
6356,S208C305E14,0,10,1
6357,S208C305E16,0,10,1
6358,S208C305E18,0,10,1
6359,S208C305E20,0,10,1
6360,S208C305E22,0,10,1
6361,S208C305E25,0,10,1
6362,S208C305E28,0,10,1
6363,S208C305E32,0,10,1
6364,S208C305E36,0,10,1
6365,S208C305E40,0,10,1
6366,S208C305E45,0,10,1
6367,S208C305E50,0,10,1
6368,S208C305E56,0,10,1
6369,S208C305E63,0,10,1
6370,S208C305E71,0,10,1
6371,S208C305E80,0,10,1
6372,S208C305E90,0,10,1
6373,S208C305F10,0,10,1
6374,S208C305F11,0,10,1
6375,S208C305F13,0,10,1
6376,S208C305F14,0,10,1
6377,S208C305F16,0,10,1
6378,S208C305F18,0,10,1
6379,S208C305F20,0,10,1
6380,S208C305F22,0,10,1
6381,S209C205D20,0,10,1
6382,S209C205D22,0,10,1
6383,S209C205D25,0,10,1
6384,S209C205D28,0,10,1
6385,S209C205D32,0,10,1
6386,S209C205D36,0,10,1
6387,S209C205D40,0,10,1
6388,S209C205D45,0,10,1
6389,S209C205D50,0,10,1
6390,S209C205D56,0,10,1
6391,S209C205D63,0,10,1
6392,S209C205D71,0,10,1
6393,S209C305D80,0,10,1
6394,S209C305D90,0,10,1
6395,S209C305Е10,0,10,1
6396,S209C305E11,0,10,1
6397,S209C305E13,0,10,1
6398,S209C305E14,0,10,1
6399,S209C305E16,0,10,1
6400,S209C305E18,0,10,1
6401,S209C305E20,0,10,1
6402,S209C305E22,0,10,1
6403,S209C305E25,0,10,1
6404,S209C305E28,0,10,1
6405,S209C305E32,0,10,1
6406,S209C305E36,0,10,1
6407,S209C305E40,0,10,1
6408,S209C305E45,0,10,1
6409,S209C305E50,0,10,1
6410,S209C305E56,0,10,1
6411,S209C305E63,0,10,1
6412,S209C305E71,0,10,1
6413,S209C305E80,0,10,1
6414,S209C305E90,0,10,1
6415,S209C305F10,0,10,1
6416,S209C305F11,0,10,1
6417,S209C305F13,0,10,1
6418,S209C305F14,0,10,1
6419,S209C305F16,0,10,1
6420,S209C305F18,0,10,1
6421,S209C305F20,0,10,1
6422,S209C305F22,0,10,1
6423,S210C207D25,0,10,1
6424,S210C207D28,0,10,1
6425,S210C207D32,0,10,1
6426,S210C207D36,0,10,1
6427,S210C207D40,0,10,1
6428,S210C307D45,0,10,1
6429,S210C307D50,0,10,1
6430,S210C307D56,0,10,1
6431,S210C307D63,0,10,1
6432,S210C307D71,0,10,1
6433,S210C307D80,0,10,1
6434,S210C307D90,0,10,1
6435,S210C307Е10,0,10,1
6436,S210C307E11,0,10,1
6437,S210C307E13,0,10,1
6438,S210C307E14,0,10,1
6439,S210C307E16,0,10,1
6440,S210C307E18,0,10,1
6441,S210C307E20,0,10,1
6442,S210C307E22,0,10,1
6443,S210C307E25,0,10,1
6444,S210C307E28,0,10,1
6445,S210C307E32,0,10,1
6446,S210C307E36,0,10,1
6447,S210C307E40,0,10,1
6448,S210C307E45,0,10,1
6449,S210C307E50,0,10,1
6450,S210C307E56,0,10,1
6451,S210C307E63,0,10,1
6452,S210C307E71,0,10,1
6453,S210C307E80,0,10,1
6454,S210C307E90,0,10,1
6455,S210C307F10,0,10,1
6456,S210C307F11,0,10,1
6457,S210C307F13,0,10,1
6458,S210C307F14,0,10,1
6459,S210C307F16,0,10,1
6460,S210C307F18,0,10,1
6461,S210C307F20,0,10,1
6462,S210C307F22,0,10,1
6463,S210C307F24,0,10,1
6464,S210C307F26,0,10,1
6465,S212C208D25,0,10,1
6466,S212C208D28,0,10,1
6467,S212C208D32,0,10,1
6468,S212C208D36,0,10,1
6469,S212C208D40,0,10,1
6470,S212C208D45,0,10,1
6471,S212C208D50,0,10,1
6472,S212C208D56,0,10,1
6473,S212C208D63,0,10,1
6474,S212C308D71,0,10,1
6475,S212C308D80,0,10,1
6476,S212C308D90,0,10,1
6477,S212C308Е10,0,10,1
6478,S212C308E11,0,10,1
6479,S212C308E13,0,10,1
6480,S212C308E14,0,10,1
6481,S212C308E16,0,10,1
6482,S212C308E18,0,10,1
6483,S212C308E20,0,10,1
6484,S212C308E22,0,10,1
6485,S212C307E25,0,10,1
6486,S212C307E28,0,10,1
6487,S212C307E32,0,10,1
6488,S212C307E36,0,10,1
6489,S212C307E40,0,10,1
6490,S212C307E45,0,10,1
6491,S212C307E50,0,10,1
6492,S212C307E56,0,10,1
6493,S212C307E63,0,10,1
6494,S212C307E71,0,10,1
6495,S212C307E80,0,10,1
6496,S212C307E90,0,10,1
6497,S212C307F10,0,10,1
6498,S212C307F11,0,10,1
6499,S212C307F13,0,10,1
6500,S212C307F14,0,10,1
6501,S212C307F16,0,10,1
6502,S212C307F18,0,10,1
6503,S212C307F20,0,10,1
6504,S212C307F22,0,10,1
6505,S212C307F24,0,10,1
6506,S212C307F26,0,10,1
0,0,0,10,1
6507,Shaft-FL-sizes9-1140,0,20,1
6508,"Shaft-FL-sizes8-1130
",0,20,1
6509,Shaft-FL-sizes3-4-1120,0,20,1
6510,Shaft-FL-size18-1110,0,20,1
6511,Shaft-FL-size16-1100,0,20,1
6512,Shaft-FL-size15-1090,0,20,1
6513,Shaft-FL-size12-1080,0,20,1
6514,Shaft-FL-size10-1070,0,20,1
6515,Shaft-FL-size9-1060,0,20,1
6516,Shaft-FL-size8-1050,0,20,1
6517,Shaft-FL-size7-1040,0,20,1
6518,Shaft-FL-size6-1030,0,20,1
6519,Shaft-FL-size5-1020,0,20,1
6520,Shaft-FL-size4-1010,0,20,1
6521,Shaft-FL-size3-1000,0,20,1
6522,Shaft-FL-sizes12-1160,0,20,1
6523,Shaft-FL-sizes10-1150,0,20,1
